timestamp,machine_id,plant,machine_type,machine_age_years,rated_load_pct,load_pct,temperature_c,vibration_mm_s,pressure_kpa,operating_hours,failure_next_30d
2025-01-08 00:00:00,M-001,Plant_A,Compressor,10.3,59.3,56.71,71.51,4.22,108.86,4693.2,1
2025-02-14 00:00:00,M-001,Plant_A,Compressor,10.3,59.3,76.27,78.97,3.862,113.23,20942.5,1
2025-04-04 00:00:00,M-001,Plant_A,Compressor,10.3,59.3,75.0,85.65,4.743,113.68,8567.5,1
2025-06-20 00:00:00,M-001,Plant_A,Compressor,10.3,59.3,38.75,68.39,3.732,106.47,16947.9,1
2025-07-27 12:00:00,M-001,Plant_A,Compressor,10.3,59.3,43.81,71.02,3.386,112.57,7699.6,0
2025-10-18 12:00:00,M-001,Plant_A,Compressor,10.3,59.3,67.1,73.27,4.224,107.13,537.1,1
2025-12-11 00:00:00,M-001,Plant_A,Compressor,10.3,59.3,64.14,86.4,3.986,112.28,16201.2,1
2026-02-03 12:00:00,M-001,Plant_A,Compressor,10.3,59.3,62.63,75.88,3.274,111.33,4070.8,1
2026-03-24 00:00:00,M-001,Plant_A,Compressor,10.3,59.3,59.71,84.36,3.96,110.73,12763.7,0
2026-04-19 00:00:00,M-001,Plant_A,Compressor,10.3,59.3,53.14,77.4,4.062,109.85,4000.4,1
2026-04-28 12:00:00,M-001,Plant_A,Compressor,10.3,59.3,68.0,79.3,4.107,112.71,21189.5,1
2026-05-01 12:00:00,M-001,Plant_A,Compressor,10.3,59.3,72.38,82.27,4.431,112.86,11615.0,0
2026-06-19 12:00:00,M-001,Plant_A,Compressor,10.3,59.3,66.56,78.27,3.301,108.44,3676.4,1
2026-07-07 00:00:00,M-001,Plant_A,Compressor,10.3,59.3,51.21,68.46,3.726,113.32,8939.5,1
2025-01-20 00:00:00,M-002,Plant_D,Press,6.7,91.6,90.05,76.71,3.901,105.3,5887.9,1
2025-02-28 12:00:00,M-002,Plant_D,Press,6.7,91.6,100.0,83.19,4.618,116.51,11778.9,0
2025-03-12 00:00:00,M-002,Plant_D,Press,6.7,91.6,88.61,90.0,4.514,112.7,21443.1,1
2025-04-18 00:00:00,M-002,Plant_D,Press,6.7,91.6,99.3,72.73,4.257,120.7,985.4,1
2025-05-20 00:00:00,M-002,Plant_D,Press,6.7,91.6,99.4,83.79,3.796,119.84,11846.2,1
2025-05-22 00:00:00,M-002,Plant_D,Press,6.7,91.6,100.0,79.13,4.477,112.58,18280.1,1
2025-05-29 00:00:00,M-002,Plant_D,Press,6.7,91.6,83.98,83.69,4.313,120.63,17371.4,1
2025-07-22 00:00:00,M-002,Plant_D,Press,6.7,91.6,100.0,75.45,4.303,114.3,18124.9,0
2025-10-28 12:00:00,M-002,Plant_D,Press,6.7,91.6,81.64,80.93,4.142,113.11,17096.4,0
2026-01-04 00:00:00,M-002,Plant_D,Press,6.7,91.6,92.52,73.42,4.284,118.62,18244.2,1
2026-06-24 00:00:00,M-002,Plant_D,Press,6.7,91.6,72.5,79.46,3.759,113.12,9212.7,1
2026-07-31 00:00:00,M-002,Plant_D,Press,6.7,91.6,94.27,86.72,4.689,110.29,20752.2,0
2025-01-22 00:00:00,M-003,Plant_C,CNC,12.4,64.2,66.37,79.22,4.674,112.63,13867.2,1
2025-01-23 00:00:00,M-003,Plant_C,CNC,12.4,64.2,54.29,82.13,3.872,111.27,2646.3,0
2025-02-06 12:00:00,M-003,Plant_C,CNC,12.4,64.2,65.39,75.72,3.592,114.4,10599.4,1
2025-02-12 12:00:00,M-003,Plant_C,CNC,12.4,64.2,81.98,79.87,4.792,113.46,20900.2,1
2025-02-25 00:00:00,M-003,Plant_C,CNC,12.4,64.2,65.98,79.99,4.77,112.06,14082.5,1
2025-04-11 00:00:00,M-003,Plant_C,CNC,12.4,64.2,52.58,74.13,4.1,114.84,2912.0,1
2025-04-20 00:00:00,M-003,Plant_C,CNC,12.4,64.2,58.46,76.99,4.424,113.18,13562.1,0
2025-08-15 00:00:00,M-003,Plant_C,CNC,12.4,64.2,63.75,76.81,4.25,115.74,8248.4,1
2025-08-19 12:00:00,M-003,Plant_C,CNC,12.4,64.2,60.83,76.17,4.403,117.13,3792.4,1
2025-09-29 00:00:00,M-003,Plant_C,CNC,12.4,64.2,54.18,82.85,4.1,107.22,16122.7,0
2025-10-24 12:00:00,M-003,Plant_C,CNC,12.4,64.2,56.57,73.28,4.298,111.58,7410.6,1
2025-11-11 00:00:00,M-003,Plant_C,CNC,12.4,64.2,75.12,81.43,4.289,118.18,1023.7,0
2025-11-19 12:00:00,M-003,Plant_C,CNC,12.4,64.2,71.82,77.29,4.366,111.03,7715.4,1
2025-12-21 12:00:00,M-003,Plant_C,CNC,12.4,64.2,73.97,77.95,4.166,112.94,12209.0,0
2026-03-28 00:00:00,M-003,Plant_C,CNC,12.4,64.2,70.72,75.43,4.516,111.93,11274.7,1
2026-07-20 12:00:00,M-003,Plant_C,CNC,12.4,64.2,59.57,75.75,3.755,113.37,8936.2,1
2026-08-14 00:00:00,M-003,Plant_C,CNC,12.4,64.2,73.28,73.47,4.176,113.96,987.2,1
2026-08-29 12:00:00,M-003,Plant_C,CNC,12.4,64.2,63.92,77.34,4.15,112.56,20395.3,1
2025-01-07 00:00:00,M-004,Plant_B,Compressor,3.3,56.5,39.25,74.21,3.546,111.52,9185.9,0
2025-01-16 00:00:00,M-004,Plant_B,Compressor,3.3,56.5,67.41,78.05,3.708,110.09,13399.0,0
2025-06-02 00:00:00,M-004,Plant_B,Compressor,3.3,56.5,54.8,75.38,3.564,113.05,1604.7,1
2025-06-15 12:00:00,M-004,Plant_B,Compressor,3.3,56.5,35.22,78.4,3.515,110.32,941.6,0
2025-07-22 12:00:00,M-004,Plant_B,Compressor,3.3,56.5,64.62,80.97,3.404,112.02,15450.6,1
2025-12-14 12:00:00,M-004,Plant_B,Compressor,3.3,56.5,56.11,76.15,3.068,113.68,16220.8,1
2026-01-19 00:00:00,M-004,Plant_B,Compressor,3.3,56.5,57.57,69.43,3.837,110.52,18129.4,1
2026-01-23 00:00:00,M-004,Plant_B,Compressor,3.3,56.5,46.78,71.42,3.348,112.08,13557.7,1
2026-02-01 00:00:00,M-004,Plant_B,Compressor,3.3,56.5,64.27,76.06,3.554,113.28,17293.4,1
2026-03-25 00:00:00,M-004,Plant_B,Compressor,3.3,56.5,85.07,82.06,4.313,110.68,7892.1,0
2026-03-25 12:00:00,M-004,Plant_B,Compressor,3.3,56.5,66.75,74.87,3.396,113.88,12335.4,0
2026-03-26 00:00:00,M-004,Plant_B,Compressor,3.3,56.5,48.27,67.63,3.27,110.84,12656.0,0
2026-05-02 12:00:00,M-004,Plant_B,Compressor,3.3,56.5,37.36,59.68,2.665,106.81,11229.1,0
2026-06-19 00:00:00,M-004,Plant_B,Compressor,3.3,56.5,78.57,78.44,4.386,109.71,8223.1,1
2025-01-03 12:00:00,M-005,Plant_B,Lathe,1.3,77.2,72.52,77.65,3.141,110.1,1186.5,0
2025-01-23 00:00:00,M-005,Plant_B,Lathe,1.3,77.2,58.76,70.1,3.233,110.32,8796.0,0
2025-02-21 00:00:00,M-005,Plant_B,Lathe,1.3,77.2,79.52,85.77,3.65,115.79,10314.9,1
2025-03-02 12:00:00,M-005,Plant_B,Lathe,1.3,77.2,68.16,76.86,3.684,120.59,14978.6,0
2025-04-28 00:00:00,M-005,Plant_B,Lathe,1.3,77.2,78.11,75.41,3.047,111.86,5068.7,0
2025-05-31 12:00:00,M-005,Plant_B,Lathe,1.3,77.2,74.15,74.95,3.608,109.37,4349.5,0
2025-06-03 12:00:00,M-005,Plant_B,Lathe,1.3,77.2,68.44,69.83,3.935,112.57,14517.1,1
2025-06-22 12:00:00,M-005,Plant_B,Lathe,1.3,77.2,82.15,75.94,3.784,113.91,20581.9,1
2025-07-28 12:00:00,M-005,Plant_B,Lathe,1.3,77.2,59.64,69.62,3.306,113.78,12551.6,1
2025-07-31 00:00:00,M-005,Plant_B,Lathe,1.3,77.2,79.28,74.49,2.821,113.83,20449.8,1
2025-08-14 12:00:00,M-005,Plant_B,Lathe,1.3,77.2,83.47,77.12,3.72,117.69,18012.3,1
2025-09-09 00:00:00,M-005,Plant_B,Lathe,1.3,77.2,76.85,71.73,3.38,113.49,11236.1,0
2025-09-09 12:00:00,M-005,Plant_B,Lathe,1.3,77.2,68.57,76.0,3.688,111.5,5061.6,0
2025-10-01 00:00:00,M-005,Plant_B,Lathe,1.3,77.2,74.82,77.02,3.33,113.69,18289.9,0
2025-10-06 12:00:00,M-005,Plant_B,Lathe,1.3,77.2,62.34,72.18,2.802,112.81,8760.1,0
2025-10-28 00:00:00,M-005,Plant_B,Lathe,1.3,77.2,79.81,78.58,3.525,113.91,21173.1,1
2025-11-21 12:00:00,M-005,Plant_B,Lathe,1.3,77.2,81.86,65.4,3.223,118.87,1073.4,1
2025-12-30 12:00:00,M-005,Plant_B,Lathe,1.3,77.2,87.29,74.28,3.885,113.53,15907.8,0
2026-03-28 12:00:00,M-005,Plant_B,Lathe,1.3,77.2,96.44,72.86,3.615,110.67,15306.3,0
2026-04-10 00:00:00,M-005,Plant_B,Lathe,1.3,77.2,79.25,82.86,3.659,113.11,19090.3,1
2026-05-02 12:00:00,M-005,Plant_B,Lathe,1.3,77.2,80.55,82.41,3.58,119.72,4361.8,0
2026-05-22 12:00:00,M-005,Plant_B,Lathe,1.3,77.2,63.7,77.07,3.248,109.23,8637.2,1
2026-06-08 12:00:00,M-005,Plant_B,Lathe,1.3,77.2,71.83,79.37,4.007,112.56,12956.0,0
2025-02-06 12:00:00,M-006,Plant_D,Lathe,2.3,69.8,73.65,79.67,2.642,117.75,11564.5,0
2025-04-01 12:00:00,M-006,Plant_D,Lathe,2.3,69.8,86.07,86.03,4.033,109.9,20134.9,0
2025-04-10 00:00:00,M-006,Plant_D,Lathe,2.3,69.8,81.29,75.83,3.927,116.07,15511.1,0
2025-05-03 12:00:00,M-006,Plant_D,Lathe,2.3,69.8,52.07,70.29,3.57,102.94,20406.1,1
2025-05-23 00:00:00,M-006,Plant_D,Lathe,2.3,69.8,68.92,77.91,3.67,108.09,8074.0,0
2025-05-29 12:00:00,M-006,Plant_D,Lathe,2.3,69.8,75.37,82.02,4.438,108.45,5665.4,0
2025-07-03 12:00:00,M-006,Plant_D,Lathe,2.3,69.8,70.1,73.38,3.855,113.3,13838.1,1
2025-07-06 00:00:00,M-006,Plant_D,Lathe,2.3,69.8,46.53,71.21,3.187,107.52,7020.9,0
2025-07-18 12:00:00,M-006,Plant_D,Lathe,2.3,69.8,62.28,82.04,3.86,111.4,12348.2,1
2025-07-28 00:00:00,M-006,Plant_D,Lathe,2.3,69.8,64.87,86.71,3.021,112.3,9246.6,0
2025-10-06 00:00:00,M-006,Plant_D,Lathe,2.3,69.8,75.52,72.31,3.206,121.56,14912.8,1
2025-10-20 12:00:00,M-006,Plant_D,Lathe,2.3,69.8,61.36,78.36,3.856,102.22,8881.1,0
2025-11-14 00:00:00,M-006,Plant_D,Lathe,2.3,69.8,75.45,76.62,3.559,107.13,19970.1,0
2025-11-16 00:00:00,M-006,Plant_D,Lathe,2.3,69.8,66.73,74.97,3.106,112.03,21661.5,1
2026-01-19 12:00:00,M-006,Plant_D,Lathe,2.3,69.8,81.14,72.59,4.075,115.14,16860.0,1
2026-03-19 12:00:00,M-006,Plant_D,Lathe,2.3,69.8,59.86,66.19,3.311,114.4,15222.8,0
2026-04-08 12:00:00,M-006,Plant_D,Lathe,2.3,69.8,75.35,72.84,3.903,110.76,18801.3,1
2026-05-26 00:00:00,M-006,Plant_D,Lathe,2.3,69.8,58.48,71.11,2.931,108.98,18310.7,0
2026-06-08 00:00:00,M-006,Plant_D,Lathe,2.3,69.8,84.04,76.75,3.781,117.15,18769.0,1
2026-07-08 00:00:00,M-006,Plant_D,Lathe,2.3,69.8,72.04,74.64,3.479,112.93,5617.7,1
2026-07-11 00:00:00,M-006,Plant_D,Lathe,2.3,69.8,54.83,70.81,2.538,107.93,19070.0,0
2026-07-15 00:00:00,M-006,Plant_D,Lathe,2.3,69.8,63.06,81.63,3.764,115.58,11433.7,1
2025-02-10 00:00:00,M-007,Plant_A,CNC,11.1,88.2,95.69,82.91,4.259,118.01,6845.2,0
2025-02-21 12:00:00,M-007,Plant_A,CNC,11.1,88.2,100.0,89.19,5.109,119.4,15057.6,1
2025-02-23 12:00:00,M-007,Plant_A,CNC,11.1,88.2,93.07,76.64,4.48,112.01,12781.2,1
2025-04-25 00:00:00,M-007,Plant_A,CNC,11.1,88.2,96.06,90.18,4.908,116.04,7979.4,1
2025-05-25 12:00:00,M-007,Plant_A,CNC,11.1,88.2,100.0,79.96,4.478,116.1,9681.0,1
2025-07-22 12:00:00,M-007,Plant_A,CNC,11.1,88.2,83.03,73.99,4.013,115.85,13333.1,1
2025-09-12 00:00:00,M-007,Plant_A,CNC,11.1,88.2,97.63,92.71,4.627,123.78,17244.0,1
2025-10-08 00:00:00,M-007,Plant_A,CNC,11.1,88.2,88.76,79.93,3.978,117.91,6764.7,1
2025-11-03 12:00:00,M-007,Plant_A,CNC,11.1,88.2,83.79,76.85,4.507,113.17,13317.7,1
2025-11-11 12:00:00,M-007,Plant_A,CNC,11.1,88.2,83.27,86.83,3.832,115.71,612.2,1
2025-11-30 00:00:00,M-007,Plant_A,CNC,11.1,88.2,88.57,85.44,4.192,115.75,12529.1,0
2026-04-20 00:00:00,M-007,Plant_A,CNC,11.1,88.2,92.27,79.33,4.015,110.1,13576.8,0
2026-04-28 12:00:00,M-007,Plant_A,CNC,11.1,88.2,82.37,76.44,4.412,110.34,18240.8,1
2026-06-16 00:00:00,M-007,Plant_A,CNC,11.1,88.2,100.0,80.67,4.781,121.42,11648.2,0
2026-07-27 12:00:00,M-007,Plant_A,CNC,11.1,88.2,80.54,84.72,4.289,110.48,4399.3,1
2026-08-24 00:00:00,M-007,Plant_A,CNC,11.1,88.2,80.14,71.2,4.286,118.46,15127.3,0
2025-01-26 12:00:00,M-008,Plant_C,Press,7.5,87.3,87.41,80.05,4.388,120.66,17538.2,1
2025-03-11 00:00:00,M-008,Plant_C,Press,7.5,87.3,98.78,87.49,3.623,117.08,16285.0,1
2025-03-18 00:00:00,M-008,Plant_C,Press,7.5,87.3,89.9,73.13,4.652,118.44,14248.0,1
2025-03-24 00:00:00,M-008,Plant_C,Press,7.5,87.3,81.06,68.01,3.435,112.18,2154.8,0
2025-03-26 12:00:00,M-008,Plant_C,Press,7.5,87.3,94.67,75.21,4.22,116.41,6096.8,0
2025-03-31 00:00:00,M-008,Plant_C,Press,7.5,87.3,89.16,80.8,4.717,119.21,5962.8,0
2025-05-03 12:00:00,M-008,Plant_C,Press,7.5,87.3,86.08,78.47,3.711,111.44,14674.2,0
2025-07-14 00:00:00,M-008,Plant_C,Press,7.5,87.3,94.8,84.28,5.429,118.02,17198.9,1
2025-07-25 12:00:00,M-008,Plant_C,Press,7.5,87.3,97.26,86.46,3.668,122.53,21890.8,0
2025-07-29 00:00:00,M-008,Plant_C,Press,7.5,87.3,100.0,77.21,5.257,118.32,20312.8,0
2025-07-31 00:00:00,M-008,Plant_C,Press,7.5,87.3,100.0,84.61,4.738,118.72,17164.0,1
2025-09-20 00:00:00,M-008,Plant_C,Press,7.5,87.3,100.0,77.42,4.46,119.04,5544.4,0
2025-10-04 12:00:00,M-008,Plant_C,Press,7.5,87.3,82.55,79.84,4.09,114.95,20520.1,1
2025-10-29 00:00:00,M-008,Plant_C,Press,7.5,87.3,80.04,80.66,4.396,107.76,20707.4,0
2025-12-10 00:00:00,M-008,Plant_C,Press,7.5,87.3,87.45,82.01,4.498,115.04,13422.6,0
2026-01-29 00:00:00,M-008,Plant_C,Press,7.5,87.3,87.07,82.25,4.463,121.6,18006.2,1
2026-02-08 00:00:00,M-008,Plant_C,Press,7.5,87.3,90.34,82.48,4.252,113.82,13945.2,0
2026-02-27 00:00:00,M-008,Plant_C,Press,7.5,87.3,89.01,83.87,3.968,119.72,8274.4,0
2026-04-28 00:00:00,M-008,Plant_C,Press,7.5,87.3,69.2,76.61,3.809,118.03,7017.0,0
2026-04-29 12:00:00,M-008,Plant_C,Press,7.5,87.3,95.49,87.72,4.057,121.51,12130.3,1
2026-05-19 12:00:00,M-008,Plant_C,Press,7.5,87.3,84.03,75.23,3.992,114.26,16770.2,1
2026-06-30 12:00:00,M-008,Plant_C,Press,7.5,87.3,90.96,84.12,4.512,114.45,4971.4,1
2026-08-09 00:00:00,M-008,Plant_C,Press,7.5,87.3,70.21,79.49,4.499,109.08,12649.0,1
2025-01-03 12:00:00,M-009,Plant_A,Compressor,3.3,67.7,56.84,78.32,3.862,109.92,5565.6,0
2025-03-24 12:00:00,M-009,Plant_A,Compressor,3.3,67.7,76.16,84.59,3.947,112.22,17376.7,1
2025-04-23 12:00:00,M-009,Plant_A,Compressor,3.3,67.7,64.27,68.08,3.714,106.19,15341.2,1
2025-10-20 00:00:00,M-009,Plant_A,Compressor,3.3,67.7,64.84,77.73,3.213,118.85,19303.4,1
2025-10-25 12:00:00,M-009,Plant_A,Compressor,3.3,67.7,66.61,81.55,3.786,117.01,12386.3,0
2025-11-12 00:00:00,M-009,Plant_A,Compressor,3.3,67.7,77.7,73.36,3.649,112.44,13626.1,1
2025-11-15 00:00:00,M-009,Plant_A,Compressor,3.3,67.7,66.15,77.16,3.632,107.88,21941.9,1
2025-11-19 12:00:00,M-009,Plant_A,Compressor,3.3,67.7,72.86,82.47,3.916,107.7,12269.7,1
2025-12-08 12:00:00,M-009,Plant_A,Compressor,3.3,67.7,66.03,77.08,3.82,115.58,988.9,0
2025-12-15 12:00:00,M-009,Plant_A,Compressor,3.3,67.7,67.08,73.3,3.497,107.11,14036.5,1
2025-12-26 12:00:00,M-009,Plant_A,Compressor,3.3,67.7,70.47,70.21,4.333,115.23,1880.1,1
2025-12-29 12:00:00,M-009,Plant_A,Compressor,3.3,67.7,72.59,69.53,3.337,119.16,13057.5,1
2026-01-07 00:00:00,M-009,Plant_A,Compressor,3.3,67.7,71.86,76.18,3.454,114.41,19307.2,0
2026-01-17 12:00:00,M-009,Plant_A,Compressor,3.3,67.7,72.05,80.1,3.957,110.89,20361.8,1
2026-02-28 12:00:00,M-009,Plant_A,Compressor,3.3,67.7,73.19,73.86,3.488,109.54,19535.5,1
2026-06-12 12:00:00,M-009,Plant_A,Compressor,3.3,67.7,76.05,79.19,2.859,112.17,9901.1,0
2026-06-22 00:00:00,M-009,Plant_A,Compressor,3.3,67.7,61.21,81.97,3.275,109.52,19770.0,1
2026-07-17 00:00:00,M-009,Plant_A,Compressor,3.3,67.7,59.87,69.15,3.51,113.72,9190.3,0
2026-08-24 12:00:00,M-009,Plant_A,Compressor,3.3,67.7,63.28,79.6,3.337,110.6,10477.9,0
2026-08-30 00:00:00,M-009,Plant_A,Compressor,3.3,67.7,57.62,74.99,3.721,113.14,2930.6,1
2025-02-14 12:00:00,M-010,Plant_A,Compressor,8.0,93.1,97.5,77.23,4.973,118.32,3994.5,0
2025-02-25 12:00:00,M-010,Plant_A,Compressor,8.0,93.1,82.1,77.93,4.368,115.0,19330.7,1
2025-04-15 12:00:00,M-010,Plant_A,Compressor,8.0,93.1,80.28,79.88,4.292,118.4,8529.0,1
2025-04-30 12:00:00,M-010,Plant_A,Compressor,8.0,93.1,88.39,77.46,4.33,111.57,618.0,1
2025-06-13 00:00:00,M-010,Plant_A,Compressor,8.0,93.1,95.86,81.97,4.768,116.65,8250.4,1
2025-06-26 12:00:00,M-010,Plant_A,Compressor,8.0,93.1,70.67,80.08,3.005,108.99,12265.8,0
2025-07-06 12:00:00,M-010,Plant_A,Compressor,8.0,93.1,98.63,85.38,4.318,117.41,11684.2,1
2025-08-22 12:00:00,M-010,Plant_A,Compressor,8.0,93.1,100.0,75.1,4.532,123.41,6191.4,1
2025-09-21 12:00:00,M-010,Plant_A,Compressor,8.0,93.1,100.0,83.65,4.71,113.67,18657.6,1
2025-11-30 12:00:00,M-010,Plant_A,Compressor,8.0,93.1,90.96,82.3,4.008,116.31,17436.5,1
2026-02-12 12:00:00,M-010,Plant_A,Compressor,8.0,93.1,99.58,88.33,3.913,115.56,18476.7,1
2026-02-21 12:00:00,M-010,Plant_A,Compressor,8.0,93.1,100.0,82.24,4.468,110.96,14304.2,0
2026-03-08 00:00:00,M-010,Plant_A,Compressor,8.0,93.1,94.03,86.52,4.663,116.72,9101.2,1
2026-03-30 12:00:00,M-010,Plant_A,Compressor,8.0,93.1,82.85,79.51,4.021,110.65,21289.1,0
2026-05-05 00:00:00,M-010,Plant_A,Compressor,8.0,93.1,94.81,78.39,4.12,115.12,2135.1,1
2026-07-13 00:00:00,M-010,Plant_A,Compressor,8.0,93.1,90.58,80.8,5.319,121.25,18741.1,1
2026-07-13 12:00:00,M-010,Plant_A,Compressor,8.0,93.1,72.65,80.83,3.705,118.59,4110.9,1
2026-07-14 00:00:00,M-010,Plant_A,Compressor,8.0,93.1,81.5,76.08,4.219,119.17,18476.6,1
2026-07-23 12:00:00,M-010,Plant_A,Compressor,8.0,93.1,71.54,74.24,3.774,113.59,15415.0,0
2026-08-02 00:00:00,M-010,Plant_A,Compressor,8.0,93.1,97.95,82.22,4.415,114.93,12391.4,1
2025-01-02 12:00:00,M-011,Plant_C,Press,3.1,66.6,65.97,73.73,3.039,116.12,10283.9,0
2025-01-26 00:00:00,M-011,Plant_C,Press,3.1,66.6,52.19,81.09,3.695,109.81,21445.7,1
2025-01-31 12:00:00,M-011,Plant_C,Press,3.1,66.6,71.25,73.55,3.337,118.26,4199.3,0
2025-03-13 12:00:00,M-011,Plant_C,Press,3.1,66.6,67.92,65.62,3.589,108.31,1259.5,0
2025-03-20 00:00:00,M-011,Plant_C,Press,3.1,66.6,50.54,70.49,3.531,111.95,11982.7,0
2025-05-30 00:00:00,M-011,Plant_C,Press,3.1,66.6,59.66,71.99,3.088,116.36,15422.4,0
2025-06-08 00:00:00,M-011,Plant_C,Press,3.1,66.6,51.98,78.62,3.543,115.88,16341.7,0
2025-06-18 12:00:00,M-011,Plant_C,Press,3.1,66.6,71.38,67.35,3.191,119.09,10669.1,1
2025-06-25 00:00:00,M-011,Plant_C,Press,3.1,66.6,66.14,82.09,3.621,114.88,15939.1,1
2025-07-16 00:00:00,M-011,Plant_C,Press,3.1,66.6,76.87,77.12,3.134,118.15,21304.2,0
2025-08-07 12:00:00,M-011,Plant_C,Press,3.1,66.6,58.07,68.52,3.352,112.41,4468.6,0
2025-08-18 00:00:00,M-011,Plant_C,Press,3.1,66.6,91.32,82.36,3.779,112.37,18447.1,1
2025-09-10 00:00:00,M-011,Plant_C,Press,3.1,66.6,68.71,69.49,3.413,113.95,1554.6,0
2025-09-18 00:00:00,M-011,Plant_C,Press,3.1,66.6,73.48,76.53,3.28,117.21,15342.8,1
2025-10-09 00:00:00,M-011,Plant_C,Press,3.1,66.6,62.17,71.8,3.055,116.89,11331.5,0
2025-11-20 12:00:00,M-011,Plant_C,Press,3.1,66.6,69.19,81.98,3.36,112.48,17908.3,0
2025-12-03 12:00:00,M-011,Plant_C,Press,3.1,66.6,52.55,82.73,3.081,112.06,3903.4,0
2025-12-05 00:00:00,M-011,Plant_C,Press,3.1,66.6,70.56,77.73,3.011,110.84,21272.9,0
2025-12-21 00:00:00,M-011,Plant_C,Press,3.1,66.6,66.96,71.02,3.276,110.97,18098.1,0
2026-01-18 12:00:00,M-011,Plant_C,Press,3.1,66.6,68.33,68.0,3.578,115.64,13241.5,0
2026-05-07 12:00:00,M-011,Plant_C,Press,3.1,66.6,68.06,74.98,3.488,120.07,1056.0,0
2026-05-23 12:00:00,M-011,Plant_C,Press,3.1,66.6,82.36,79.19,3.488,110.93,19629.2,1
2026-06-03 12:00:00,M-011,Plant_C,Press,3.1,66.6,72.31,75.35,2.898,110.38,8344.0,1
2026-06-12 00:00:00,M-011,Plant_C,Press,3.1,66.6,71.44,76.63,3.117,117.44,2510.9,1
2026-07-09 00:00:00,M-011,Plant_C,Press,3.1,66.6,70.62,76.13,3.526,114.01,16478.3,0
2026-08-08 00:00:00,M-011,Plant_C,Press,3.1,66.6,50.38,73.16,3.386,107.47,7286.9,0
2026-08-28 00:00:00,M-011,Plant_C,Press,3.1,66.6,57.16,74.13,2.884,122.77,12287.5,0
2025-02-05 00:00:00,M-012,Plant_D,Compressor,10.7,75.6,70.25,82.84,4.258,110.04,12994.0,1
2025-03-03 12:00:00,M-012,Plant_D,Compressor,10.7,75.6,77.65,90.32,4.645,111.13,1127.7,0
2025-03-29 12:00:00,M-012,Plant_D,Compressor,10.7,75.6,68.61,76.83,3.925,112.86,15912.7,1
2025-04-26 00:00:00,M-012,Plant_D,Compressor,10.7,75.6,79.86,82.22,4.165,110.34,18388.6,0
2025-05-22 12:00:00,M-012,Plant_D,Compressor,10.7,75.6,66.63,76.45,3.923,112.04,13955.4,1
2025-05-31 12:00:00,M-012,Plant_D,Compressor,10.7,75.6,87.82,86.87,4.296,120.5,21283.9,0
2025-06-04 12:00:00,M-012,Plant_D,Compressor,10.7,75.6,91.43,78.33,4.858,114.55,8887.4,1
2025-07-12 12:00:00,M-012,Plant_D,Compressor,10.7,75.6,65.4,76.07,3.864,112.48,3456.0,0
2025-08-19 12:00:00,M-012,Plant_D,Compressor,10.7,75.6,66.89,73.98,4.061,112.97,14725.2,0
2025-10-04 00:00:00,M-012,Plant_D,Compressor,10.7,75.6,73.16,73.23,4.103,111.83,21326.6,1
2026-01-10 00:00:00,M-012,Plant_D,Compressor,10.7,75.6,75.32,85.26,3.938,112.15,15249.0,1
2026-02-04 12:00:00,M-012,Plant_D,Compressor,10.7,75.6,61.81,75.5,4.338,111.27,8656.8,0
2026-04-18 00:00:00,M-012,Plant_D,Compressor,10.7,75.6,86.26,77.81,4.655,109.1,10784.0,0
2026-04-18 00:00:00,M-012,Plant_D,Compressor,10.7,75.6,81.76,86.88,4.762,115.56,11576.1,0
2026-06-05 12:00:00,M-012,Plant_D,Compressor,10.7,75.6,75.05,74.65,4.028,115.62,18431.0,1
2026-08-17 00:00:00,M-012,Plant_D,Compressor,10.7,75.6,68.24,76.89,3.917,114.87,14544.3,0
2025-01-30 12:00:00,M-013,Plant_C,Compressor,7.2,65.2,59.76,71.23,3.487,112.82,21191.2,0
2025-02-01 12:00:00,M-013,Plant_C,Compressor,7.2,65.2,58.38,75.92,2.693,106.95,2127.2,0
2025-03-27 00:00:00,M-013,Plant_C,Compressor,7.2,65.2,66.78,74.3,4.096,111.69,5794.1,1
2025-05-31 12:00:00,M-013,Plant_C,Compressor,7.2,65.2,59.83,72.71,3.34,109.99,7412.2,0
2025-06-18 12:00:00,M-013,Plant_C,Compressor,7.2,65.2,80.42,66.9,4.378,115.78,10155.5,0
2025-06-26 00:00:00,M-013,Plant_C,Compressor,7.2,65.2,74.81,77.78,4.028,111.78,15243.7,0
2025-07-08 12:00:00,M-013,Plant_C,Compressor,7.2,65.2,61.65,72.28,4.079,117.8,2180.8,0
2025-08-15 00:00:00,M-013,Plant_C,Compressor,7.2,65.2,64.33,69.01,3.32,113.0,21652.2,0
2025-08-30 00:00:00,M-013,Plant_C,Compressor,7.2,65.2,58.5,74.79,3.32,108.13,2821.1,0
2025-09-16 00:00:00,M-013,Plant_C,Compressor,7.2,65.2,60.06,77.84,4.163,116.57,13917.7,0
2025-09-23 00:00:00,M-013,Plant_C,Compressor,7.2,65.2,67.18,74.57,3.564,113.53,10706.9,1
2025-10-03 00:00:00,M-013,Plant_C,Compressor,7.2,65.2,74.57,82.44,4.42,116.61,17243.0,1
2025-10-04 00:00:00,M-013,Plant_C,Compressor,7.2,65.2,63.67,74.19,3.536,113.05,18693.2,1
2025-10-12 12:00:00,M-013,Plant_C,Compressor,7.2,65.2,59.63,72.11,3.53,116.44,7936.2,1
2025-10-18 00:00:00,M-013,Plant_C,Compressor,7.2,65.2,64.87,80.88,3.888,119.03,20901.8,0
2025-12-14 12:00:00,M-013,Plant_C,Compressor,7.2,65.2,66.5,72.07,4.247,121.19,15110.2,0
2025-12-16 12:00:00,M-013,Plant_C,Compressor,7.2,65.2,75.68,72.67,3.184,116.74,12826.2,0
2026-02-01 12:00:00,M-013,Plant_C,Compressor,7.2,65.2,49.01,73.79,2.825,111.35,16128.0,0
2026-02-18 12:00:00,M-013,Plant_C,Compressor,7.2,65.2,61.88,71.87,3.76,105.34,4158.5,0
2026-03-27 12:00:00,M-013,Plant_C,Compressor,7.2,65.2,66.59,60.79,3.715,108.4,17886.8,1
2026-07-20 12:00:00,M-013,Plant_C,Compressor,7.2,65.2,65.24,80.69,3.349,112.66,21264.5,1
2026-07-31 12:00:00,M-013,Plant_C,Compressor,7.2,65.2,64.01,72.97,3.717,104.33,19737.6,0
2026-08-07 00:00:00,M-013,Plant_C,Compressor,7.2,65.2,62.84,74.98,3.769,117.38,9433.3,0
2025-02-23 00:00:00,M-014,Plant_D,Press,6.3,92.4,100.0,81.75,4.58,119.6,7367.0,1
2025-06-21 00:00:00,M-014,Plant_D,Press,6.3,92.4,100.0,72.47,4.373,118.06,15762.9,0
2025-09-05 12:00:00,M-014,Plant_D,Press,6.3,92.4,92.19,76.85,3.869,114.92,5000.6,1
2025-09-21 12:00:00,M-014,Plant_D,Press,6.3,92.4,100.0,88.21,4.578,117.97,21250.0,0
2025-10-01 00:00:00,M-014,Plant_D,Press,6.3,92.4,90.84,80.42,4.395,119.71,10623.2,0
2025-10-27 12:00:00,M-014,Plant_D,Press,6.3,92.4,89.97,76.78,4.121,117.13,6710.3,1
2025-12-01 12:00:00,M-014,Plant_D,Press,6.3,92.4,88.76,79.51,4.348,114.23,5804.5,0
2025-12-31 12:00:00,M-014,Plant_D,Press,6.3,92.4,85.78,81.26,4.211,118.16,3957.0,0
2026-01-04 00:00:00,M-014,Plant_D,Press,6.3,92.4,98.45,81.6,4.378,121.92,9561.4,1
2026-01-16 00:00:00,M-014,Plant_D,Press,6.3,92.4,100.0,88.97,4.445,113.56,11265.5,0
2026-01-26 00:00:00,M-014,Plant_D,Press,6.3,92.4,100.0,83.99,4.88,113.53,12587.9,1
2026-01-30 00:00:00,M-014,Plant_D,Press,6.3,92.4,91.85,85.07,4.611,116.98,21495.2,1
2026-01-31 00:00:00,M-014,Plant_D,Press,6.3,92.4,75.29,74.09,4.024,113.06,13597.8,1
2026-02-06 00:00:00,M-014,Plant_D,Press,6.3,92.4,88.63,74.16,3.748,116.33,4852.0,1
2026-03-15 12:00:00,M-014,Plant_D,Press,6.3,92.4,100.0,78.38,4.563,115.38,14320.4,1
2026-03-26 00:00:00,M-014,Plant_D,Press,6.3,92.4,100.0,79.22,4.28,115.76,16905.2,1
2026-04-09 12:00:00,M-014,Plant_D,Press,6.3,92.4,87.93,82.37,3.579,123.08,7511.1,0
2026-05-30 12:00:00,M-014,Plant_D,Press,6.3,92.4,91.87,88.95,3.511,114.13,9481.1,0
2026-07-25 12:00:00,M-014,Plant_D,Press,6.3,92.4,76.92,80.84,3.821,109.41,4429.2,1
2026-08-08 12:00:00,M-014,Plant_D,Press,6.3,92.4,100.0,86.93,4.125,116.89,7679.1,1
2026-08-24 12:00:00,M-014,Plant_D,Press,6.3,92.4,100.0,86.89,4.287,116.79,19032.1,0
2025-01-01 12:00:00,M-015,Plant_C,Compressor,5.2,61.6,70.34,73.05,3.985,116.42,10474.3,0
2025-01-25 12:00:00,M-015,Plant_C,Compressor,5.2,61.6,43.39,73.87,2.918,107.93,18056.8,1
2025-02-27 00:00:00,M-015,Plant_C,Compressor,5.2,61.6,58.95,73.85,3.455,107.3,20791.4,0
2025-04-09 12:00:00,M-015,Plant_C,Compressor,5.2,61.6,71.3,74.33,3.681,108.37,11791.0,1
2025-04-11 12:00:00,M-015,Plant_C,Compressor,5.2,61.6,56.75,72.72,3.342,109.84,9879.6,0
2025-04-21 12:00:00,M-015,Plant_C,Compressor,5.2,61.6,64.18,69.68,3.539,105.46,5016.5,0
2025-04-24 12:00:00,M-015,Plant_C,Compressor,5.2,61.6,67.49,76.12,3.427,110.08,11113.2,1
2025-05-30 00:00:00,M-015,Plant_C,Compressor,5.2,61.6,76.3,70.45,3.865,111.35,8669.9,0
2025-08-17 12:00:00,M-015,Plant_C,Compressor,5.2,61.6,71.82,71.5,3.813,112.83,3239.8,0
2025-09-18 12:00:00,M-015,Plant_C,Compressor,5.2,61.6,50.75,65.89,3.61,119.64,14655.5,1
2025-09-30 12:00:00,M-015,Plant_C,Compressor,5.2,61.6,61.74,69.66,3.939,108.75,3416.6,1
2025-10-11 12:00:00,M-015,Plant_C,Compressor,5.2,61.6,56.26,70.19,3.445,109.91,18994.3,1
2025-10-18 00:00:00,M-015,Plant_C,Compressor,5.2,61.6,77.03,71.55,3.942,109.13,6440.6,1
2025-10-19 00:00:00,M-015,Plant_C,Compressor,5.2,61.6,50.06,73.52,2.969,113.79,19108.6,1
2025-11-22 00:00:00,M-015,Plant_C,Compressor,5.2,61.6,58.89,68.14,4.042,111.02,5810.9,0
2025-12-14 00:00:00,M-015,Plant_C,Compressor,5.2,61.6,69.31,77.05,4.749,111.35,9144.7,1
2026-01-13 12:00:00,M-015,Plant_C,Compressor,5.2,61.6,48.0,69.72,2.914,108.58,11778.1,1
2026-02-15 00:00:00,M-015,Plant_C,Compressor,5.2,61.6,52.03,69.43,3.52,107.35,8541.1,0
2026-03-29 12:00:00,M-015,Plant_C,Compressor,5.2,61.6,51.61,71.24,2.778,110.22,16503.3,0
2026-06-18 00:00:00,M-015,Plant_C,Compressor,5.2,61.6,69.45,72.37,4.178,110.36,3719.0,0
2026-06-20 00:00:00,M-015,Plant_C,Compressor,5.2,61.6,62.5,76.95,3.481,111.43,14185.7,1
2026-07-06 00:00:00,M-015,Plant_C,Compressor,5.2,61.6,80.38,69.73,3.92,116.11,13365.3,1
2025-01-12 12:00:00,M-016,Plant_D,Press,9.8,56.8,44.81,68.91,4.047,108.4,2074.7,0
2025-02-15 00:00:00,M-016,Plant_D,Press,9.8,56.8,51.38,69.79,3.241,115.18,2513.3,0
2025-03-26 12:00:00,M-016,Plant_D,Press,9.8,56.8,43.3,75.58,3.375,112.28,5459.5,0
2025-03-26 12:00:00,M-016,Plant_D,Press,9.8,56.8,65.52,87.0,4.398,114.23,6505.4,1
2025-04-08 00:00:00,M-016,Plant_D,Press,9.8,56.8,64.2,74.82,3.722,114.02,20774.9,0
2025-05-12 00:00:00,M-016,Plant_D,Press,9.8,56.8,66.59,75.02,4.329,110.86,2821.9,0
2025-05-21 12:00:00,M-016,Plant_D,Press,9.8,56.8,67.08,76.99,4.456,117.35,14570.6,0
2025-05-27 12:00:00,M-016,Plant_D,Press,9.8,56.8,47.38,75.48,3.683,110.96,13662.1,0
2025-06-11 12:00:00,M-016,Plant_D,Press,9.8,56.8,60.61,73.79,3.986,109.73,10983.2,0
2025-06-18 12:00:00,M-016,Plant_D,Press,9.8,56.8,43.86,69.29,4.016,106.31,13671.2,0
2025-07-21 00:00:00,M-016,Plant_D,Press,9.8,56.8,37.63,71.71,3.52,105.87,18925.7,0
2025-08-11 12:00:00,M-016,Plant_D,Press,9.8,56.8,62.21,78.62,4.176,109.09,17414.0,1
2025-09-17 12:00:00,M-016,Plant_D,Press,9.8,56.8,38.34,73.91,3.604,109.3,14439.6,0
2025-10-03 12:00:00,M-016,Plant_D,Press,9.8,56.8,70.81,77.28,4.106,109.91,1335.6,1
2025-10-07 12:00:00,M-016,Plant_D,Press,9.8,56.8,53.09,73.46,3.549,109.79,6558.8,1
2025-11-15 12:00:00,M-016,Plant_D,Press,9.8,56.8,68.03,83.66,3.943,109.99,8811.4,0
2025-11-20 12:00:00,M-016,Plant_D,Press,9.8,56.8,72.09,76.83,4.333,111.22,12458.0,1
2025-12-16 00:00:00,M-016,Plant_D,Press,9.8,56.8,55.0,82.89,4.172,109.35,9742.5,1
2026-01-02 00:00:00,M-016,Plant_D,Press,9.8,56.8,57.2,78.19,3.528,114.05,15141.9,0
2026-01-13 12:00:00,M-016,Plant_D,Press,9.8,56.8,68.59,84.72,3.91,123.05,18630.0,0
2026-02-14 12:00:00,M-016,Plant_D,Press,9.8,56.8,81.38,80.22,4.335,110.21,7209.0,0
2026-03-01 00:00:00,M-016,Plant_D,Press,9.8,56.8,78.01,81.35,4.617,120.0,3877.7,0
2026-04-13 12:00:00,M-016,Plant_D,Press,9.8,56.8,59.14,74.8,3.629,117.32,16008.8,0
2026-06-15 12:00:00,M-016,Plant_D,Press,9.8,56.8,56.49,77.16,3.691,110.93,15939.2,0
2026-08-04 00:00:00,M-016,Plant_D,Press,9.8,56.8,67.59,72.46,3.928,115.75,7177.6,0
2026-08-09 00:00:00,M-016,Plant_D,Press,9.8,56.8,75.73,82.8,4.2,118.7,21107.3,0
2026-08-21 12:00:00,M-016,Plant_D,Press,9.8,56.8,35.0,82.19,3.111,106.4,7864.9,1
2025-01-18 12:00:00,M-017,Plant_C,CNC,6.1,72.4,53.83,73.22,3.727,105.33,16495.0,0
2025-01-22 12:00:00,M-017,Plant_C,CNC,6.1,72.4,79.17,80.37,3.763,111.98,4650.2,0
2025-01-30 12:00:00,M-017,Plant_C,CNC,6.1,72.4,77.0,77.85,3.854,118.06,21678.5,0
2025-01-31 12:00:00,M-017,Plant_C,CNC,6.1,72.4,77.71,79.92,3.306,116.16,14251.0,1
2025-02-02 12:00:00,M-017,Plant_C,CNC,6.1,72.4,71.79,83.33,4.084,111.74,15398.0,1
2025-03-05 12:00:00,M-017,Plant_C,CNC,6.1,72.4,79.87,70.49,4.332,115.77,1040.8,0
2025-03-17 12:00:00,M-017,Plant_C,CNC,6.1,72.4,92.51,89.69,3.827,113.78,18104.9,1
2025-03-22 00:00:00,M-017,Plant_C,CNC,6.1,72.4,83.54,80.11,4.205,113.37,5060.9,1
2025-05-21 00:00:00,M-017,Plant_C,CNC,6.1,72.4,67.24,71.62,3.588,111.6,16439.1,1
2025-05-31 12:00:00,M-017,Plant_C,CNC,6.1,72.4,94.74,84.09,4.855,121.83,19511.4,0
2025-07-10 00:00:00,M-017,Plant_C,CNC,6.1,72.4,76.2,79.42,4.046,114.41,2131.8,1
2025-08-26 12:00:00,M-017,Plant_C,CNC,6.1,72.4,80.88,70.11,4.424,120.1,11822.7,1
2025-09-05 12:00:00,M-017,Plant_C,CNC,6.1,72.4,92.06,80.44,4.196,115.54,8928.7,1
2025-09-10 00:00:00,M-017,Plant_C,CNC,6.1,72.4,75.64,82.67,4.022,114.96,552.4,0
2025-09-29 00:00:00,M-017,Plant_C,CNC,6.1,72.4,71.5,76.31,3.748,110.71,4245.0,0
2025-10-12 12:00:00,M-017,Plant_C,CNC,6.1,72.4,68.87,86.49,4.152,110.0,14111.6,1
2025-11-11 00:00:00,M-017,Plant_C,CNC,6.1,72.4,69.6,74.11,4.038,117.39,10534.3,1
2025-12-13 00:00:00,M-017,Plant_C,CNC,6.1,72.4,63.5,79.97,3.461,111.95,2669.7,1
2025-12-19 12:00:00,M-017,Plant_C,CNC,6.1,72.4,77.85,84.89,4.068,113.03,19237.5,1
2025-12-24 12:00:00,M-017,Plant_C,CNC,6.1,72.4,71.26,70.81,3.688,113.7,18517.5,0
2026-01-07 12:00:00,M-017,Plant_C,CNC,6.1,72.4,80.3,79.93,4.205,109.55,21832.7,1
2026-03-15 00:00:00,M-017,Plant_C,CNC,6.1,72.4,62.22,83.45,4.341,111.48,8312.3,0
2026-03-20 00:00:00,M-017,Plant_C,CNC,6.1,72.4,72.96,70.46,3.57,109.51,16172.9,0
2025-01-25 00:00:00,M-018,Plant_A,Lathe,2.2,94.7,77.29,85.81,4.102,110.47,5468.9,1
2025-01-27 00:00:00,M-018,Plant_A,Lathe,2.2,94.7,81.02,69.57,4.36,115.23,5110.7,1
2025-01-31 00:00:00,M-018,Plant_A,Lathe,2.2,94.7,94.6,77.48,3.726,112.59,2973.4,0
2025-03-10 12:00:00,M-018,Plant_A,Lathe,2.2,94.7,88.07,73.77,3.58,118.16,2265.5,0
2025-03-15 00:00:00,M-018,Plant_A,Lathe,2.2,94.7,80.48,68.63,3.6,115.15,3097.9,0
2025-06-12 00:00:00,M-018,Plant_A,Lathe,2.2,94.7,76.94,74.19,2.588,112.18,14050.5,1
2025-06-30 00:00:00,M-018,Plant_A,Lathe,2.2,94.7,82.6,70.77,4.019,118.23,2152.8,1
2025-06-30 12:00:00,M-018,Plant_A,Lathe,2.2,94.7,73.85,71.87,3.907,114.06,10605.4,1
2025-08-21 12:00:00,M-018,Plant_A,Lathe,2.2,94.7,74.92,79.09,3.308,113.29,4419.1,0
2025-09-12 12:00:00,M-018,Plant_A,Lathe,2.2,94.7,93.97,72.49,3.818,115.84,21117.7,0
2025-09-24 00:00:00,M-018,Plant_A,Lathe,2.2,94.7,100.0,88.41,3.891,111.76,13676.3,1
2025-11-19 12:00:00,M-018,Plant_A,Lathe,2.2,94.7,81.57,82.77,3.73,118.93,10780.6,0
2026-01-09 00:00:00,M-018,Plant_A,Lathe,2.2,94.7,92.56,87.75,4.359,108.53,9175.7,1
2026-02-05 12:00:00,M-018,Plant_A,Lathe,2.2,94.7,92.23,80.66,3.426,112.39,6364.6,1
2026-02-12 12:00:00,M-018,Plant_A,Lathe,2.2,94.7,84.45,76.71,3.39,116.85,15070.0,0
2026-02-14 00:00:00,M-018,Plant_A,Lathe,2.2,94.7,98.83,75.27,3.803,114.13,13554.3,0
2026-02-15 00:00:00,M-018,Plant_A,Lathe,2.2,94.7,97.79,76.74,3.682,111.83,14670.5,1
2026-03-22 12:00:00,M-018,Plant_A,Lathe,2.2,94.7,86.29,74.81,3.497,119.39,14716.0,1
2026-03-24 12:00:00,M-018,Plant_A,Lathe,2.2,94.7,91.82,77.72,3.855,116.7,5218.3,0
2026-04-03 00:00:00,M-018,Plant_A,Lathe,2.2,94.7,93.83,83.54,4.224,116.52,11948.6,0
2026-04-09 00:00:00,M-018,Plant_A,Lathe,2.2,94.7,100.0,79.88,3.418,120.17,8949.2,1
2026-04-28 00:00:00,M-018,Plant_A,Lathe,2.2,94.7,100.0,70.36,4.414,121.37,4845.2,1
2026-05-17 00:00:00,M-018,Plant_A,Lathe,2.2,94.7,86.72,77.67,4.21,115.59,8028.8,1
2026-05-29 12:00:00,M-018,Plant_A,Lathe,2.2,94.7,80.13,72.26,4.02,116.98,5760.8,1
2026-06-30 00:00:00,M-018,Plant_A,Lathe,2.2,94.7,100.0,67.3,3.796,119.99,15519.1,0
2026-07-13 00:00:00,M-018,Plant_A,Lathe,2.2,94.7,88.38,83.52,3.731,114.31,15788.9,0
2026-07-18 12:00:00,M-018,Plant_A,Lathe,2.2,94.7,99.51,76.15,3.963,118.9,17658.7,1
2026-08-19 00:00:00,M-018,Plant_A,Lathe,2.2,94.7,90.0,81.7,3.705,118.6,18993.7,1
2025-01-05 00:00:00,M-019,Plant_D,Lathe,2.7,90.7,96.13,79.06,4.657,122.91,4951.1,0
2025-03-09 00:00:00,M-019,Plant_D,Lathe,2.7,90.7,80.88,85.24,3.884,114.68,15756.4,0
2025-03-18 12:00:00,M-019,Plant_D,Lathe,2.7,90.7,83.94,83.25,3.627,113.95,12835.6,1
2025-04-05 12:00:00,M-019,Plant_D,Lathe,2.7,90.7,90.38,81.44,4.572,115.64,3088.8,1
2025-09-07 00:00:00,M-019,Plant_D,Lathe,2.7,90.7,93.09,70.96,3.895,120.64,21068.6,1
2025-10-03 00:00:00,M-019,Plant_D,Lathe,2.7,90.7,100.0,84.93,3.998,117.41,4314.7,0
2026-02-05 00:00:00,M-019,Plant_D,Lathe,2.7,90.7,100.0,80.1,3.941,120.61,5881.2,1
2026-02-20 00:00:00,M-019,Plant_D,Lathe,2.7,90.7,90.79,74.27,3.383,112.98,17300.6,1
2026-03-26 00:00:00,M-019,Plant_D,Lathe,2.7,90.7,100.0,82.36,4.811,119.0,5773.6,1
2026-04-30 12:00:00,M-019,Plant_D,Lathe,2.7,90.7,100.0,76.22,3.922,119.2,17720.5,0
2026-05-30 00:00:00,M-019,Plant_D,Lathe,2.7,90.7,100.0,78.71,3.656,118.49,9178.7,0
2026-06-03 00:00:00,M-019,Plant_D,Lathe,2.7,90.7,82.53,74.46,3.565,114.32,8891.7,0
2026-06-03 00:00:00,M-019,Plant_D,Lathe,2.7,90.7,95.8,80.13,4.166,116.03,13848.8,1
2026-07-13 12:00:00,M-019,Plant_D,Lathe,2.7,90.7,85.92,81.56,3.653,110.49,11436.2,1
2026-07-20 12:00:00,M-019,Plant_D,Lathe,2.7,90.7,79.59,84.61,3.298,111.89,6096.2,0
2026-08-01 00:00:00,M-019,Plant_D,Lathe,2.7,90.7,100.0,79.62,4.254,118.67,12820.5,0
2026-08-11 00:00:00,M-019,Plant_D,Lathe,2.7,90.7,100.0,73.02,3.987,112.11,3428.0,1
2026-08-30 12:00:00,M-019,Plant_D,Lathe,2.7,90.7,80.13,76.03,4.011,106.44,7871.8,1
2025-01-27 00:00:00,M-020,Plant_B,CNC,14.5,84.9,92.2,72.98,4.965,115.58,10159.8,1
2025-02-02 00:00:00,M-020,Plant_B,CNC,14.5,84.9,83.13,78.29,4.912,111.86,3248.0,1
2025-03-10 00:00:00,M-020,Plant_B,CNC,14.5,84.9,90.63,78.32,4.863,114.49,14861.0,0
2025-04-03 12:00:00,M-020,Plant_B,CNC,14.5,84.9,77.49,83.23,4.787,113.61,19119.0,1
2025-05-03 12:00:00,M-020,Plant_B,CNC,14.5,84.9,84.01,76.25,4.287,114.91,15427.6,0
2025-05-24 00:00:00,M-020,Plant_B,CNC,14.5,84.9,87.35,76.88,4.703,114.98,17682.0,1
2025-05-28 12:00:00,M-020,Plant_B,CNC,14.5,84.9,74.74,84.49,5.055,112.13,2978.6,0
2025-06-10 12:00:00,M-020,Plant_B,CNC,14.5,84.9,71.88,81.76,4.863,120.77,6665.0,0
2025-07-03 00:00:00,M-020,Plant_B,CNC,14.5,84.9,82.68,69.26,4.522,114.48,10742.6,0
2025-07-22 00:00:00,M-020,Plant_B,CNC,14.5,84.9,87.68,82.58,4.672,121.99,14389.0,0
2025-08-04 12:00:00,M-020,Plant_B,CNC,14.5,84.9,88.62,84.29,5.171,110.58,14793.2,0
2025-08-13 12:00:00,M-020,Plant_B,CNC,14.5,84.9,77.16,83.04,4.515,115.73,8210.9,1
2025-08-18 00:00:00,M-020,Plant_B,CNC,14.5,84.9,73.28,73.85,4.911,111.64,19059.0,0
2025-09-12 12:00:00,M-020,Plant_B,CNC,14.5,84.9,84.31,83.45,4.213,114.55,14202.2,0
2025-09-16 12:00:00,M-020,Plant_B,CNC,14.5,84.9,86.6,77.13,4.842,121.29,18295.9,1
2025-09-30 12:00:00,M-020,Plant_B,CNC,14.5,84.9,84.34,85.31,4.51,111.72,5654.0,1
2026-02-04 00:00:00,M-020,Plant_B,CNC,14.5,84.9,95.5,90.75,4.608,117.83,21599.5,0
2026-03-01 12:00:00,M-020,Plant_B,CNC,14.5,84.9,90.13,79.47,4.609,117.2,4804.4,1
2026-03-05 12:00:00,M-020,Plant_B,CNC,14.5,84.9,63.04,68.41,4.352,115.54,14973.1,1
2026-03-12 12:00:00,M-020,Plant_B,CNC,14.5,84.9,98.74,82.56,4.857,115.61,16074.4,1
2026-04-04 00:00:00,M-020,Plant_B,CNC,14.5,84.9,80.46,81.08,4.748,111.77,2815.0,1
2026-04-26 00:00:00,M-020,Plant_B,CNC,14.5,84.9,100.0,74.06,4.961,116.33,21973.2,1
2026-05-02 12:00:00,M-020,Plant_B,CNC,14.5,84.9,94.7,88.6,5.334,118.95,11012.7,0
2026-05-22 00:00:00,M-020,Plant_B,CNC,14.5,84.9,69.39,84.58,4.786,112.31,20158.0,0
2026-07-17 00:00:00,M-020,Plant_B,CNC,14.5,84.9,92.8,82.5,5.002,117.32,14231.8,1
2025-01-03 00:00:00,M-021,Plant_C,Compressor,13.7,90.6,72.93,75.35,4.038,117.53,5570.3,0
2025-01-15 12:00:00,M-021,Plant_C,Compressor,13.7,90.6,87.08,80.24,4.292,113.92,12055.7,0
2025-03-02 00:00:00,M-021,Plant_C,Compressor,13.7,90.6,96.63,87.37,5.2,111.96,13372.9,0
2025-03-06 12:00:00,M-021,Plant_C,Compressor,13.7,90.6,86.82,96.65,4.765,115.82,10829.7,1
2025-07-08 12:00:00,M-021,Plant_C,Compressor,13.7,90.6,84.73,91.96,4.623,117.1,7117.5,1
2025-07-11 12:00:00,M-021,Plant_C,Compressor,13.7,90.6,92.59,83.86,4.7,123.59,584.8,0
2025-08-10 00:00:00,M-021,Plant_C,Compressor,13.7,90.6,76.13,80.57,4.649,114.1,6490.4,0
2025-09-08 12:00:00,M-021,Plant_C,Compressor,13.7,90.6,94.17,77.86,5.424,118.23,14363.2,0
2025-11-02 12:00:00,M-021,Plant_C,Compressor,13.7,90.6,100.0,79.29,4.614,111.24,7906.5,1
2025-12-21 12:00:00,M-021,Plant_C,Compressor,13.7,90.6,91.05,86.06,5.469,118.52,16736.0,1
2026-03-27 12:00:00,M-021,Plant_C,Compressor,13.7,90.6,100.0,82.09,4.821,114.43,3136.8,0
2026-04-07 12:00:00,M-021,Plant_C,Compressor,13.7,90.6,83.48,77.57,4.853,115.04,5309.5,1
2026-06-06 12:00:00,M-021,Plant_C,Compressor,13.7,90.6,78.35,75.37,5.026,114.46,16248.8,0
2026-08-02 00:00:00,M-021,Plant_C,Compressor,13.7,90.6,77.29,78.99,4.133,115.12,20827.7,1
2025-01-18 12:00:00,M-022,Plant_B,CNC,10.8,90.7,83.51,94.81,4.339,115.5,9131.9,0
2025-02-27 12:00:00,M-022,Plant_B,CNC,10.8,90.7,100.0,76.71,3.84,111.1,16667.7,0
2025-04-16 00:00:00,M-022,Plant_B,CNC,10.8,90.7,83.24,85.31,4.313,113.96,14239.3,1
2025-04-19 00:00:00,M-022,Plant_B,CNC,10.8,90.7,84.39,66.91,4.38,117.4,2026.6,1
2025-04-23 00:00:00,M-022,Plant_B,CNC,10.8,90.7,100.0,79.31,4.959,118.05,18420.1,0
2025-05-02 00:00:00,M-022,Plant_B,CNC,10.8,90.7,94.49,96.44,4.881,117.97,16076.1,0
2025-06-30 00:00:00,M-022,Plant_B,CNC,10.8,90.7,72.94,84.08,4.193,110.96,15769.1,1
2025-07-19 12:00:00,M-022,Plant_B,CNC,10.8,90.7,76.17,70.04,4.143,114.6,17574.3,1
2025-11-10 12:00:00,M-022,Plant_B,CNC,10.8,90.7,86.42,85.71,4.876,115.32,5172.3,1
2025-11-13 00:00:00,M-022,Plant_B,CNC,10.8,90.7,92.29,86.7,4.275,116.23,12779.0,0
2026-01-02 12:00:00,M-022,Plant_B,CNC,10.8,90.7,98.22,85.62,4.759,116.37,14225.8,0
2026-03-07 00:00:00,M-022,Plant_B,CNC,10.8,90.7,94.27,83.21,4.715,113.78,20559.1,1
2026-03-08 00:00:00,M-022,Plant_B,CNC,10.8,90.7,86.14,77.13,3.86,109.72,17453.3,0
2026-04-15 00:00:00,M-022,Plant_B,CNC,10.8,90.7,89.55,83.07,3.929,114.55,1715.5,1
2026-05-27 00:00:00,M-022,Plant_B,CNC,10.8,90.7,90.77,81.29,4.194,110.49,12562.6,0
2026-07-14 12:00:00,M-022,Plant_B,CNC,10.8,90.7,95.68,81.04,4.955,107.16,10395.8,1
2025-02-07 00:00:00,M-023,Plant_A,Compressor,4.7,75.8,88.74,81.38,3.495,110.85,16393.6,0
2025-03-28 12:00:00,M-023,Plant_A,Compressor,4.7,75.8,78.29,78.59,4.186,112.3,10828.0,1
2025-03-29 00:00:00,M-023,Plant_A,Compressor,4.7,75.8,83.81,77.55,4.158,114.3,2281.2,1
2025-04-20 12:00:00,M-023,Plant_A,Compressor,4.7,75.8,57.19,74.92,4.293,114.14,21845.8,1
2025-05-14 00:00:00,M-023,Plant_A,Compressor,4.7,75.8,69.24,75.19,4.329,116.07,1884.3,1
2025-05-24 12:00:00,M-023,Plant_A,Compressor,4.7,75.8,67.0,89.78,3.433,110.56,12356.7,1
2025-05-26 12:00:00,M-023,Plant_A,Compressor,4.7,75.8,77.27,79.79,3.634,113.07,20845.8,0
2025-06-13 00:00:00,M-023,Plant_A,Compressor,4.7,75.8,82.25,73.56,3.491,116.24,7867.6,0
2025-06-20 00:00:00,M-023,Plant_A,Compressor,4.7,75.8,77.18,72.1,3.717,111.35,7526.9,0
2025-06-26 00:00:00,M-023,Plant_A,Compressor,4.7,75.8,73.22,74.5,4.259,110.0,17361.2,1
2025-06-29 00:00:00,M-023,Plant_A,Compressor,4.7,75.8,70.53,74.4,3.079,117.28,13179.7,0
2025-07-13 12:00:00,M-023,Plant_A,Compressor,4.7,75.8,76.94,70.17,3.91,116.58,15250.4,1
2025-07-17 12:00:00,M-023,Plant_A,Compressor,4.7,75.8,92.62,73.59,4.718,120.44,11061.4,0
2025-08-13 00:00:00,M-023,Plant_A,Compressor,4.7,75.8,85.74,81.0,4.539,114.72,16540.0,0
2025-10-03 12:00:00,M-023,Plant_A,Compressor,4.7,75.8,54.72,73.54,3.089,111.08,18621.0,0
2025-11-02 12:00:00,M-023,Plant_A,Compressor,4.7,75.8,72.14,83.04,4.09,107.19,3938.0,0
2026-02-17 12:00:00,M-023,Plant_A,Compressor,4.7,75.8,61.08,84.75,3.611,116.43,7000.3,0
2026-04-21 00:00:00,M-023,Plant_A,Compressor,4.7,75.8,75.1,82.21,3.129,116.37,13619.5,1
2026-08-21 00:00:00,M-023,Plant_A,Compressor,4.7,75.8,90.81,79.78,3.9,119.38,20919.1,1
2026-08-28 00:00:00,M-023,Plant_A,Compressor,4.7,75.8,82.54,80.38,2.943,114.5,17485.8,1
2025-01-02 00:00:00,M-024,Plant_D,CNC,14.6,67.6,62.54,74.49,4.066,112.12,14131.1,0
2025-03-17 00:00:00,M-024,Plant_D,CNC,14.6,67.6,76.72,72.23,4.396,109.32,20201.0,0
2025-08-08 12:00:00,M-024,Plant_D,CNC,14.6,67.6,56.08,79.22,4.674,117.48,13289.7,1
2025-08-28 12:00:00,M-024,Plant_D,CNC,14.6,67.6,64.9,73.09,4.695,113.19,8377.7,1
2025-09-06 00:00:00,M-024,Plant_D,CNC,14.6,67.6,53.98,79.72,4.287,110.19,5591.2,1
2025-09-24 00:00:00,M-024,Plant_D,CNC,14.6,67.6,72.45,84.08,4.276,116.19,17435.4,1
2025-10-06 12:00:00,M-024,Plant_D,CNC,14.6,67.6,76.71,80.18,4.721,116.6,15887.0,0
2025-10-12 00:00:00,M-024,Plant_D,CNC,14.6,67.6,69.89,76.57,4.644,113.6,6733.0,1
2025-10-15 00:00:00,M-024,Plant_D,CNC,14.6,67.6,78.13,82.51,4.196,112.55,7101.0,0
2025-11-03 12:00:00,M-024,Plant_D,CNC,14.6,67.6,45.8,77.38,4.37,115.68,7850.9,1
2025-11-08 00:00:00,M-024,Plant_D,CNC,14.6,67.6,73.99,84.65,4.181,113.11,14447.2,0
2025-11-09 12:00:00,M-024,Plant_D,CNC,14.6,67.6,85.42,86.15,4.985,111.3,19251.6,1
2025-11-29 00:00:00,M-024,Plant_D,CNC,14.6,67.6,60.1,86.88,4.456,112.05,7367.9,0
2025-12-02 12:00:00,M-024,Plant_D,CNC,14.6,67.6,75.57,84.97,5.309,109.17,13999.9,1
2025-12-18 12:00:00,M-024,Plant_D,CNC,14.6,67.6,72.7,73.23,4.394,112.31,11263.6,1
2026-01-22 12:00:00,M-024,Plant_D,CNC,14.6,67.6,59.93,78.91,4.246,109.93,10952.8,1
2026-02-09 00:00:00,M-024,Plant_D,CNC,14.6,67.6,70.84,77.99,5.034,114.17,16908.5,1
2026-02-24 12:00:00,M-024,Plant_D,CNC,14.6,67.6,55.78,67.79,4.371,105.37,19465.3,1
2026-05-01 12:00:00,M-024,Plant_D,CNC,14.6,67.6,66.66,75.43,4.251,109.02,13193.3,1
2026-07-16 12:00:00,M-024,Plant_D,CNC,14.6,67.6,62.05,77.06,3.978,109.7,17219.1,0
2026-07-26 12:00:00,M-024,Plant_D,CNC,14.6,67.6,58.51,78.89,3.935,117.78,7399.9,1
2025-01-02 00:00:00,M-025,Plant_D,Compressor,11.9,85.9,100.0,86.71,5.017,118.9,1747.6,0
2025-05-28 00:00:00,M-025,Plant_D,Compressor,11.9,85.9,70.49,84.64,4.187,116.08,1237.1,0
2025-07-09 12:00:00,M-025,Plant_D,Compressor,11.9,85.9,91.46,75.06,4.46,115.62,4255.6,1
2025-07-25 12:00:00,M-025,Plant_D,Compressor,11.9,85.9,94.05,94.48,5.279,122.5,12142.5,1
2025-08-09 00:00:00,M-025,Plant_D,Compressor,11.9,85.9,76.85,72.5,4.001,109.38,2549.1,1
2025-10-17 00:00:00,M-025,Plant_D,Compressor,11.9,85.9,85.2,86.76,4.623,118.93,7876.3,0
2025-11-18 12:00:00,M-025,Plant_D,Compressor,11.9,85.9,88.51,74.61,4.694,117.59,8423.5,1
2025-12-04 00:00:00,M-025,Plant_D,Compressor,11.9,85.9,83.94,81.96,4.199,118.88,1940.2,0
2026-01-05 00:00:00,M-025,Plant_D,Compressor,11.9,85.9,100.0,75.34,5.522,117.95,10424.9,1
2026-01-12 12:00:00,M-025,Plant_D,Compressor,11.9,85.9,92.97,83.09,4.697,111.91,5961.6,0
2026-02-23 12:00:00,M-025,Plant_D,Compressor,11.9,85.9,96.61,90.17,5.253,122.67,3981.6,0
2026-03-14 00:00:00,M-025,Plant_D,Compressor,11.9,85.9,97.98,83.07,4.666,120.78,9090.4,0
2026-03-14 12:00:00,M-025,Plant_D,Compressor,11.9,85.9,83.76,76.24,4.466,120.18,7997.9,1
2026-03-28 12:00:00,M-025,Plant_D,Compressor,11.9,85.9,81.48,76.49,4.013,115.38,1534.0,1
2026-04-02 00:00:00,M-025,Plant_D,Compressor,11.9,85.9,81.49,82.37,4.577,114.72,20300.7,1
2026-04-10 12:00:00,M-025,Plant_D,Compressor,11.9,85.9,81.8,86.15,4.574,115.6,20546.9,1
2026-05-14 00:00:00,M-025,Plant_D,Compressor,11.9,85.9,88.24,72.79,4.307,113.63,21103.0,1
2026-07-06 00:00:00,M-025,Plant_D,Compressor,11.9,85.9,100.0,77.38,4.984,119.02,10938.3,0
2026-07-15 12:00:00,M-025,Plant_D,Compressor,11.9,85.9,86.01,81.88,4.212,114.48,7412.1,0
2026-08-13 00:00:00,M-025,Plant_D,Compressor,11.9,85.9,100.0,94.14,4.227,115.78,8406.7,1
2026-08-20 12:00:00,M-025,Plant_D,Compressor,11.9,85.9,81.92,79.97,4.082,114.33,17544.1,1
2025-02-03 00:00:00,M-026,Plant_C,Compressor,11.0,81.5,91.18,82.66,3.983,113.17,9119.9,1
2025-02-21 12:00:00,M-026,Plant_C,Compressor,11.0,81.5,71.81,73.53,4.169,115.45,5939.2,0
2025-03-28 12:00:00,M-026,Plant_C,Compressor,11.0,81.5,77.86,76.23,4.458,119.18,12225.7,0
2025-04-05 00:00:00,M-026,Plant_C,Compressor,11.0,81.5,79.35,84.33,3.691,114.79,9290.2,0
2025-05-19 12:00:00,M-026,Plant_C,Compressor,11.0,81.5,95.72,87.53,4.379,111.17,18279.5,1
2025-06-02 00:00:00,M-026,Plant_C,Compressor,11.0,81.5,80.02,78.95,4.594,114.1,21626.9,1
2025-07-05 00:00:00,M-026,Plant_C,Compressor,11.0,81.5,87.58,83.7,4.739,118.79,9233.6,1
2025-07-12 00:00:00,M-026,Plant_C,Compressor,11.0,81.5,53.87,67.94,3.468,113.46,7906.3,0
2025-08-28 00:00:00,M-026,Plant_C,Compressor,11.0,81.5,79.41,86.96,3.568,113.06,11317.4,0
2025-09-02 12:00:00,M-026,Plant_C,Compressor,11.0,81.5,86.97,95.79,5.092,110.04,16338.4,0
2026-01-09 00:00:00,M-026,Plant_C,Compressor,11.0,81.5,83.48,75.76,4.598,108.85,9915.2,1
2026-04-20 00:00:00,M-026,Plant_C,Compressor,11.0,81.5,77.29,83.5,4.538,118.41,21181.2,1
2026-04-29 00:00:00,M-026,Plant_C,Compressor,11.0,81.5,80.56,72.11,3.816,118.49,16522.0,1
2026-07-13 00:00:00,M-026,Plant_C,Compressor,11.0,81.5,73.19,82.81,4.916,112.37,15965.8,0
2026-07-14 00:00:00,M-026,Plant_C,Compressor,11.0,81.5,68.4,83.69,3.367,111.13,974.2,1
2026-07-29 12:00:00,M-026,Plant_C,Compressor,11.0,81.5,93.79,75.82,4.566,116.7,3454.0,1
2026-08-02 12:00:00,M-026,Plant_C,Compressor,11.0,81.5,78.6,90.16,4.375,110.56,3513.4,0
2026-08-07 00:00:00,M-026,Plant_C,Compressor,11.0,81.5,80.58,77.5,3.92,116.02,9678.7,0
2025-01-05 12:00:00,M-027,Plant_B,Compressor,7.3,69.9,62.0,72.58,3.008,108.92,4716.8,0
2025-02-13 12:00:00,M-027,Plant_B,Compressor,7.3,69.9,87.67,75.08,4.387,114.07,3364.8,0
2025-03-11 12:00:00,M-027,Plant_B,Compressor,7.3,69.9,81.97,82.31,3.367,107.18,8254.1,1
2025-03-14 12:00:00,M-027,Plant_B,Compressor,7.3,69.9,95.22,80.5,4.027,116.5,4099.3,1
2025-03-23 12:00:00,M-027,Plant_B,Compressor,7.3,69.9,66.73,76.63,3.537,106.32,2772.0,0
2025-04-06 12:00:00,M-027,Plant_B,Compressor,7.3,69.9,69.05,73.27,3.522,119.45,3411.0,1
2025-05-18 00:00:00,M-027,Plant_B,Compressor,7.3,69.9,74.37,71.86,3.834,110.26,15687.3,1
2025-07-27 00:00:00,M-027,Plant_B,Compressor,7.3,69.9,65.84,75.55,3.5,114.5,20175.3,1
2025-08-28 00:00:00,M-027,Plant_B,Compressor,7.3,69.9,64.06,62.39,3.335,112.33,14311.9,1
2025-09-21 12:00:00,M-027,Plant_B,Compressor,7.3,69.9,66.77,80.71,4.049,116.24,13288.3,0
2025-10-18 00:00:00,M-027,Plant_B,Compressor,7.3,69.9,61.77,78.43,3.189,103.53,17984.5,0
2025-11-20 00:00:00,M-027,Plant_B,Compressor,7.3,69.9,87.12,82.25,4.468,110.92,21830.8,1
2025-11-22 12:00:00,M-027,Plant_B,Compressor,7.3,69.9,80.87,69.04,4.355,114.25,10627.5,1
2026-01-08 00:00:00,M-027,Plant_B,Compressor,7.3,69.9,73.77,80.64,4.046,113.04,17202.8,1
2026-02-04 12:00:00,M-027,Plant_B,Compressor,7.3,69.9,74.78,69.66,3.531,116.34,17000.3,1
2026-05-03 12:00:00,M-027,Plant_B,Compressor,7.3,69.9,71.47,87.74,3.996,112.65,8879.0,1
2026-06-02 00:00:00,M-027,Plant_B,Compressor,7.3,69.9,59.26,68.68,4.084,119.09,5482.5,1
2026-06-12 00:00:00,M-027,Plant_B,Compressor,7.3,69.9,74.67,81.54,3.35,113.45,15820.4,0
2026-07-03 00:00:00,M-027,Plant_B,Compressor,7.3,69.9,76.12,90.18,3.899,116.27,7587.5,0
2026-07-22 12:00:00,M-027,Plant_B,Compressor,7.3,69.9,73.22,75.92,4.175,119.14,13524.3,1
2025-03-02 12:00:00,M-028,Plant_D,Lathe,4.8,58.8,55.86,60.61,3.794,114.18,1008.3,1
2025-04-08 00:00:00,M-028,Plant_D,Lathe,4.8,58.8,49.62,65.12,2.947,108.08,2328.8,0
2025-04-26 00:00:00,M-028,Plant_D,Lathe,4.8,58.8,42.8,71.97,3.346,110.0,5783.9,0
2025-06-16 12:00:00,M-028,Plant_D,Lathe,4.8,58.8,59.89,80.81,3.653,114.8,11034.6,1
2025-09-09 12:00:00,M-028,Plant_D,Lathe,4.8,58.8,52.36,66.77,2.843,114.52,14792.3,0
2025-11-20 00:00:00,M-028,Plant_D,Lathe,4.8,58.8,57.03,67.19,3.468,107.01,5869.3,0
2025-11-24 12:00:00,M-028,Plant_D,Lathe,4.8,58.8,54.69,76.39,3.177,111.92,20457.0,0
2025-12-02 12:00:00,M-028,Plant_D,Lathe,4.8,58.8,65.28,77.93,3.319,115.4,19637.8,0
2026-01-14 12:00:00,M-028,Plant_D,Lathe,4.8,58.8,71.39,74.16,4.065,113.25,682.9,0
2026-01-31 00:00:00,M-028,Plant_D,Lathe,4.8,58.8,70.43,79.07,3.317,117.78,15301.1,0
2026-02-01 12:00:00,M-028,Plant_D,Lathe,4.8,58.8,58.05,74.35,3.63,113.02,12784.2,1
2026-02-12 00:00:00,M-028,Plant_D,Lathe,4.8,58.8,61.57,75.71,3.664,117.6,18041.0,0
2026-03-15 00:00:00,M-028,Plant_D,Lathe,4.8,58.8,65.4,83.78,3.317,110.08,1734.1,0
2026-04-24 00:00:00,M-028,Plant_D,Lathe,4.8,58.8,62.49,66.84,3.535,111.85,5636.8,1
2026-05-09 12:00:00,M-028,Plant_D,Lathe,4.8,58.8,54.83,75.69,4.005,112.48,19950.5,1
2026-05-10 00:00:00,M-028,Plant_D,Lathe,4.8,58.8,50.67,72.55,3.712,112.73,4319.9,1
2026-05-29 00:00:00,M-028,Plant_D,Lathe,4.8,58.8,68.77,82.74,3.739,111.43,12047.2,1
2026-06-03 00:00:00,M-028,Plant_D,Lathe,4.8,58.8,53.28,69.82,2.681,112.12,18254.0,0
2026-07-26 00:00:00,M-028,Plant_D,Lathe,4.8,58.8,61.35,78.51,3.471,109.11,1498.0,1
2026-08-01 00:00:00,M-028,Plant_D,Lathe,4.8,58.8,54.77,69.26,2.963,113.16,9545.7,0
2026-08-12 00:00:00,M-028,Plant_D,Lathe,4.8,58.8,59.32,69.68,3.766,105.58,10139.8,0
2025-01-06 00:00:00,M-029,Plant_C,Press,2.3,84.9,86.76,73.89,3.657,119.31,10863.4,0
2025-01-28 00:00:00,M-029,Plant_C,Press,2.3,84.9,88.24,64.96,3.292,115.52,21746.1,0
2025-02-24 12:00:00,M-029,Plant_C,Press,2.3,84.9,74.45,70.82,3.503,118.22,12167.8,1
2025-03-07 00:00:00,M-029,Plant_C,Press,2.3,84.9,88.98,96.09,4.182,118.01,5397.6,1
2025-03-25 00:00:00,M-029,Plant_C,Press,2.3,84.9,87.94,76.5,3.792,114.33,14462.9,0
2025-05-30 00:00:00,M-029,Plant_C,Press,2.3,84.9,93.16,78.89,3.903,120.61,17073.2,1
2025-06-14 00:00:00,M-029,Plant_C,Press,2.3,84.9,95.71,84.95,3.989,113.82,12321.5,1
2025-06-25 12:00:00,M-029,Plant_C,Press,2.3,84.9,90.91,76.69,4.124,115.76,6304.8,1
2025-08-20 12:00:00,M-029,Plant_C,Press,2.3,84.9,95.28,81.55,4.043,116.5,3994.3,1
2025-08-22 00:00:00,M-029,Plant_C,Press,2.3,84.9,90.74,86.22,3.711,117.5,16438.3,0
2025-09-06 00:00:00,M-029,Plant_C,Press,2.3,84.9,72.12,70.17,3.174,115.72,15343.9,0
2025-12-23 12:00:00,M-029,Plant_C,Press,2.3,84.9,81.84,79.14,3.388,116.15,4557.3,0
2026-03-23 00:00:00,M-029,Plant_C,Press,2.3,84.9,79.5,75.52,3.506,109.43,6522.3,0
2026-05-23 00:00:00,M-029,Plant_C,Press,2.3,84.9,88.7,78.93,3.76,117.36,4392.3,0
2026-06-09 00:00:00,M-029,Plant_C,Press,2.3,84.9,82.3,77.38,3.744,115.77,14737.4,1
2026-08-18 00:00:00,M-029,Plant_C,Press,2.3,84.9,96.24,79.0,3.795,116.41,9041.3,1
2025-01-14 00:00:00,M-030,Plant_B,Lathe,13.6,65.5,56.69,81.27,4.772,110.24,3024.5,0
2025-02-06 12:00:00,M-030,Plant_B,Lathe,13.6,65.5,61.79,75.67,3.865,117.63,11691.4,0
2025-02-18 12:00:00,M-030,Plant_B,Lathe,13.6,65.5,56.49,78.74,4.427,110.73,15209.3,1
2025-04-05 00:00:00,M-030,Plant_B,Lathe,13.6,65.5,67.26,75.29,4.214,103.84,6572.9,0
2025-04-11 00:00:00,M-030,Plant_B,Lathe,13.6,65.5,73.05,76.52,4.122,114.42,14027.2,1
2025-05-30 12:00:00,M-030,Plant_B,Lathe,13.6,65.5,90.44,75.57,3.945,114.79,11171.4,1
2025-06-05 00:00:00,M-030,Plant_B,Lathe,13.6,65.5,79.42,79.81,4.731,113.84,1657.2,0
2025-09-24 00:00:00,M-030,Plant_B,Lathe,13.6,65.5,62.08,80.37,4.511,112.08,8016.4,0
2025-09-27 12:00:00,M-030,Plant_B,Lathe,13.6,65.5,63.54,82.63,4.179,110.59,5779.0,1
2025-10-10 00:00:00,M-030,Plant_B,Lathe,13.6,65.5,48.23,75.11,4.558,116.76,8444.4,0
2025-10-19 12:00:00,M-030,Plant_B,Lathe,13.6,65.5,72.26,72.66,4.337,113.09,4870.5,0
2025-11-14 12:00:00,M-030,Plant_B,Lathe,13.6,65.5,75.15,82.53,4.64,111.49,2155.2,1
2025-11-18 12:00:00,M-030,Plant_B,Lathe,13.6,65.5,60.15,73.25,3.828,109.84,9135.5,1
2025-11-28 00:00:00,M-030,Plant_B,Lathe,13.6,65.5,65.94,82.11,3.741,107.93,16151.0,1
2025-12-28 12:00:00,M-030,Plant_B,Lathe,13.6,65.5,85.81,85.42,4.609,116.16,14094.7,0
2026-01-10 00:00:00,M-030,Plant_B,Lathe,13.6,65.5,35.02,71.54,3.923,105.19,20467.2,1
2026-01-10 12:00:00,M-030,Plant_B,Lathe,13.6,65.5,56.6,80.26,3.328,107.14,17353.7,1
2026-04-18 12:00:00,M-030,Plant_B,Lathe,13.6,65.5,76.18,81.71,4.655,114.86,5302.1,1
2026-05-02 00:00:00,M-030,Plant_B,Lathe,13.6,65.5,53.89,84.7,3.772,111.46,12740.2,1
2026-05-20 12:00:00,M-030,Plant_B,Lathe,13.6,65.5,51.53,79.9,4.028,104.85,20263.5,0
2026-05-24 00:00:00,M-030,Plant_B,Lathe,13.6,65.5,56.63,79.96,4.269,109.35,20568.0,1
2026-05-31 00:00:00,M-030,Plant_B,Lathe,13.6,65.5,67.62,76.53,4.439,112.23,1155.9,1
2026-06-18 12:00:00,M-030,Plant_B,Lathe,13.6,65.5,68.7,76.1,4.238,110.47,9976.5,1
2026-08-06 00:00:00,M-030,Plant_B,Lathe,13.6,65.5,56.67,73.87,4.065,107.01,11988.5,0
2025-01-29 12:00:00,M-031,Plant_B,Press,7.4,92.5,87.86,79.74,3.976,115.46,7714.5,1
2025-02-24 00:00:00,M-031,Plant_B,Press,7.4,92.5,95.87,86.19,4.92,117.78,18448.5,0
2025-05-29 00:00:00,M-031,Plant_B,Press,7.4,92.5,100.0,79.12,4.519,123.43,1454.8,1
2025-08-30 00:00:00,M-031,Plant_B,Press,7.4,92.5,100.0,88.74,4.331,113.57,7060.1,1
2025-10-10 00:00:00,M-031,Plant_B,Press,7.4,92.5,100.0,85.26,4.184,115.38,12933.6,0
2025-10-16 00:00:00,M-031,Plant_B,Press,7.4,92.5,100.0,80.55,4.61,122.23,4948.0,0
2025-11-30 12:00:00,M-031,Plant_B,Press,7.4,92.5,100.0,74.62,4.212,118.46,17990.8,1
2025-12-22 00:00:00,M-031,Plant_B,Press,7.4,92.5,92.74,72.02,4.948,108.97,11764.6,1
2025-12-24 12:00:00,M-031,Plant_B,Press,7.4,92.5,90.15,78.46,4.482,116.96,12939.0,1
2025-12-25 00:00:00,M-031,Plant_B,Press,7.4,92.5,100.0,74.6,4.515,121.34,5636.2,1
2026-03-25 00:00:00,M-031,Plant_B,Press,7.4,92.5,100.0,83.99,4.481,112.44,17756.9,0
2026-04-09 00:00:00,M-031,Plant_B,Press,7.4,92.5,98.74,92.97,4.851,116.53,10477.4,0
2026-06-17 12:00:00,M-031,Plant_B,Press,7.4,92.5,97.87,86.27,4.793,118.82,14679.5,1
2026-06-29 12:00:00,M-031,Plant_B,Press,7.4,92.5,100.0,74.05,4.434,115.04,16076.2,0
2026-07-14 00:00:00,M-031,Plant_B,Press,7.4,92.5,95.27,87.92,4.803,119.5,11243.6,1
2025-02-13 12:00:00,M-032,Plant_A,Compressor,3.8,64.6,92.27,85.94,3.652,113.38,882.9,0
2025-03-14 00:00:00,M-032,Plant_A,Compressor,3.8,64.6,40.83,64.61,3.234,113.61,8829.6,0
2025-03-16 00:00:00,M-032,Plant_A,Compressor,3.8,64.6,46.52,66.39,3.358,106.96,2927.0,1
2025-03-19 12:00:00,M-032,Plant_A,Compressor,3.8,64.6,52.11,73.48,3.584,119.2,16198.5,0
2025-06-07 00:00:00,M-032,Plant_A,Compressor,3.8,64.6,56.98,67.66,3.833,113.2,5284.2,1
2025-06-10 00:00:00,M-032,Plant_A,Compressor,3.8,64.6,62.96,83.52,3.42,114.14,12833.5,1
2025-06-22 12:00:00,M-032,Plant_A,Compressor,3.8,64.6,60.75,71.57,3.397,108.91,17533.5,1
2025-08-19 00:00:00,M-032,Plant_A,Compressor,3.8,64.6,52.3,68.26,3.211,112.26,7416.3,1
2025-09-08 00:00:00,M-032,Plant_A,Compressor,3.8,64.6,66.61,69.63,3.333,111.45,3179.1,0
2025-09-27 12:00:00,M-032,Plant_A,Compressor,3.8,64.6,59.68,73.98,3.807,109.53,19065.1,1
2025-10-16 00:00:00,M-032,Plant_A,Compressor,3.8,64.6,74.31,75.4,3.297,116.85,1275.3,1
2025-10-25 00:00:00,M-032,Plant_A,Compressor,3.8,64.6,81.86,75.4,3.426,114.24,3223.2,1
2025-11-08 00:00:00,M-032,Plant_A,Compressor,3.8,64.6,69.56,64.67,3.414,108.12,6174.8,0
2026-01-12 12:00:00,M-032,Plant_A,Compressor,3.8,64.6,65.84,71.14,2.961,111.21,18681.1,0
2026-01-22 12:00:00,M-032,Plant_A,Compressor,3.8,64.6,69.6,67.19,3.511,115.52,7930.0,0
2026-01-24 12:00:00,M-032,Plant_A,Compressor,3.8,64.6,47.41,79.67,2.83,113.9,1317.4,0
2026-02-20 12:00:00,M-032,Plant_A,Compressor,3.8,64.6,82.86,77.64,3.395,120.72,8730.0,1
2026-03-13 00:00:00,M-032,Plant_A,Compressor,3.8,64.6,58.31,86.96,3.678,111.87,18242.1,1
2026-03-23 12:00:00,M-032,Plant_A,Compressor,3.8,64.6,72.37,75.17,3.375,119.21,2814.4,0
2026-04-09 00:00:00,M-032,Plant_A,Compressor,3.8,64.6,59.67,72.91,3.549,108.64,11056.1,0
2026-04-19 12:00:00,M-032,Plant_A,Compressor,3.8,64.6,52.62,69.05,3.297,111.88,21635.3,1
2026-05-24 00:00:00,M-032,Plant_A,Compressor,3.8,64.6,64.88,77.52,4.037,117.75,12469.1,0
2026-08-05 12:00:00,M-032,Plant_A,Compressor,3.8,64.6,62.77,73.4,3.183,111.87,21419.0,0
2026-08-29 00:00:00,M-032,Plant_A,Compressor,3.8,64.6,75.83,81.01,3.587,112.52,5280.8,1
2025-01-13 12:00:00,M-033,Plant_A,Lathe,5.3,59.9,64.65,82.8,3.599,114.24,2197.2,1
2025-02-17 00:00:00,M-033,Plant_A,Lathe,5.3,59.9,70.11,69.94,3.49,104.94,4944.1,0
2025-03-09 00:00:00,M-033,Plant_A,Lathe,5.3,59.9,66.58,75.06,4.126,111.11,8600.2,0
2025-03-30 00:00:00,M-033,Plant_A,Lathe,5.3,59.9,50.87,71.42,3.453,114.95,15430.4,0
2025-04-06 00:00:00,M-033,Plant_A,Lathe,5.3,59.9,48.98,75.65,3.645,107.54,1788.7,1
2025-05-13 00:00:00,M-033,Plant_A,Lathe,5.3,59.9,54.43,67.14,3.714,108.34,11051.9,1
2025-05-27 12:00:00,M-033,Plant_A,Lathe,5.3,59.9,59.29,71.42,3.303,108.24,4348.0,0
2025-06-04 00:00:00,M-033,Plant_A,Lathe,5.3,59.9,61.09,80.07,4.123,112.01,12434.3,1
2025-08-08 00:00:00,M-033,Plant_A,Lathe,5.3,59.9,57.07,68.58,3.097,107.88,4362.5,0
2025-08-14 00:00:00,M-033,Plant_A,Lathe,5.3,59.9,51.96,72.15,3.345,113.92,19414.3,0
2025-10-04 00:00:00,M-033,Plant_A,Lathe,5.3,59.9,62.96,76.27,3.273,111.55,8191.9,1
2025-10-13 00:00:00,M-033,Plant_A,Lathe,5.3,59.9,67.26,73.26,3.624,115.43,8259.1,1
2025-10-21 00:00:00,M-033,Plant_A,Lathe,5.3,59.9,47.31,73.59,3.408,110.93,20209.1,1
2025-10-27 12:00:00,M-033,Plant_A,Lathe,5.3,59.9,77.99,76.78,3.852,112.97,6526.7,0
2025-12-11 00:00:00,M-033,Plant_A,Lathe,5.3,59.9,62.01,77.55,3.62,111.67,11853.0,0
2026-01-03 00:00:00,M-033,Plant_A,Lathe,5.3,59.9,51.88,69.12,3.522,107.71,4426.6,0
2026-01-11 00:00:00,M-033,Plant_A,Lathe,5.3,59.9,55.72,71.75,3.679,112.56,1544.4,1
2026-01-27 00:00:00,M-033,Plant_A,Lathe,5.3,59.9,62.63,69.96,3.507,111.0,17464.0,0
2026-03-18 00:00:00,M-033,Plant_A,Lathe,5.3,59.9,48.09,72.03,3.286,105.84,4619.1,1
2026-03-18 00:00:00,M-033,Plant_A,Lathe,5.3,59.9,41.04,79.9,3.566,105.39,4905.8,1
2026-03-25 00:00:00,M-033,Plant_A,Lathe,5.3,59.9,45.83,74.74,3.637,114.56,21688.1,0
2026-04-06 12:00:00,M-033,Plant_A,Lathe,5.3,59.9,62.12,66.5,4.142,111.28,3445.2,0
2026-04-15 00:00:00,M-033,Plant_A,Lathe,5.3,59.9,55.27,74.75,2.848,114.64,11396.2,0
2026-07-03 00:00:00,M-033,Plant_A,Lathe,5.3,59.9,60.22,73.79,3.82,110.51,5665.6,1
2026-07-03 00:00:00,M-033,Plant_A,Lathe,5.3,59.9,59.48,79.09,3.306,115.81,1917.3,1
2025-02-10 12:00:00,M-034,Plant_C,Press,9.1,88.2,100.0,87.02,4.352,113.42,1497.7,1
2025-02-11 00:00:00,M-034,Plant_C,Press,9.1,88.2,82.98,77.01,3.817,120.28,3529.2,0
2025-03-11 00:00:00,M-034,Plant_C,Press,9.1,88.2,83.52,80.43,4.139,117.61,7561.2,1
2025-03-28 12:00:00,M-034,Plant_C,Press,9.1,88.2,67.1,80.16,3.199,118.0,4268.6,1
2025-05-24 12:00:00,M-034,Plant_C,Press,9.1,88.2,81.76,80.28,4.107,107.58,2344.7,0
2025-08-06 12:00:00,M-034,Plant_C,Press,9.1,88.2,84.86,89.91,4.303,112.14,11880.1,0
2025-08-14 00:00:00,M-034,Plant_C,Press,9.1,88.2,95.89,83.8,4.222,113.04,14398.7,1
2025-08-27 00:00:00,M-034,Plant_C,Press,9.1,88.2,64.48,72.6,3.969,110.31,1193.0,0
2025-09-11 00:00:00,M-034,Plant_C,Press,9.1,88.2,81.43,84.16,3.99,112.69,6027.0,1
2025-11-03 12:00:00,M-034,Plant_C,Press,9.1,88.2,95.46,79.98,5.008,114.61,18884.0,0
2026-02-23 12:00:00,M-034,Plant_C,Press,9.1,88.2,76.31,75.78,4.202,112.69,4694.2,1
2026-03-17 12:00:00,M-034,Plant_C,Press,9.1,88.2,92.11,81.52,4.423,118.66,1435.8,1
2026-03-26 00:00:00,M-034,Plant_C,Press,9.1,88.2,70.59,81.47,4.049,113.01,3041.5,0
2026-04-01 00:00:00,M-034,Plant_C,Press,9.1,88.2,83.86,82.3,4.414,114.45,18194.9,1
2026-04-04 12:00:00,M-034,Plant_C,Press,9.1,88.2,71.17,81.43,3.77,114.16,6933.4,1
2026-04-21 00:00:00,M-034,Plant_C,Press,9.1,88.2,74.15,78.88,3.485,116.25,9507.1,0
2026-05-12 00:00:00,M-034,Plant_C,Press,9.1,88.2,94.03,83.85,3.981,116.32,4516.0,0
2026-05-31 12:00:00,M-034,Plant_C,Press,9.1,88.2,80.86,86.65,3.867,113.46,8410.3,0
2026-06-11 00:00:00,M-034,Plant_C,Press,9.1,88.2,82.35,83.21,3.711,118.99,6851.3,0
2026-06-30 00:00:00,M-034,Plant_C,Press,9.1,88.2,89.14,79.33,4.532,114.09,19563.7,1
2026-08-13 12:00:00,M-034,Plant_C,Press,9.1,88.2,80.02,80.07,4.678,119.43,1445.5,1
2026-08-30 12:00:00,M-034,Plant_C,Press,9.1,88.2,80.21,79.98,4.558,119.67,6391.5,0
2025-01-16 00:00:00,M-035,Plant_D,Lathe,3.5,61.1,49.7,73.4,3.121,111.52,4192.0,1
2025-07-20 12:00:00,M-035,Plant_D,Lathe,3.5,61.1,54.41,82.52,3.405,113.44,13563.2,1
2025-07-26 12:00:00,M-035,Plant_D,Lathe,3.5,61.1,52.02,66.51,3.102,107.68,3220.5,0
2025-09-05 12:00:00,M-035,Plant_D,Lathe,3.5,61.1,50.36,64.49,3.321,113.15,7954.0,0
2025-10-26 12:00:00,M-035,Plant_D,Lathe,3.5,61.1,67.69,72.15,3.309,116.34,14197.7,0
2025-10-31 00:00:00,M-035,Plant_D,Lathe,3.5,61.1,40.78,57.51,2.438,117.46,15295.2,0
2025-11-05 00:00:00,M-035,Plant_D,Lathe,3.5,61.1,72.88,85.31,3.904,110.41,11117.0,0
2025-11-21 00:00:00,M-035,Plant_D,Lathe,3.5,61.1,60.38,71.07,3.181,111.45,16068.2,1
2025-12-24 00:00:00,M-035,Plant_D,Lathe,3.5,61.1,73.45,74.0,3.837,118.11,20652.9,0
2026-01-12 00:00:00,M-035,Plant_D,Lathe,3.5,61.1,64.28,76.61,3.523,108.83,3614.9,0
2026-03-14 00:00:00,M-035,Plant_D,Lathe,3.5,61.1,57.13,76.19,3.858,108.49,19370.6,0
2026-03-22 12:00:00,M-035,Plant_D,Lathe,3.5,61.1,62.52,69.23,3.654,114.26,21062.7,1
2026-04-14 00:00:00,M-035,Plant_D,Lathe,3.5,61.1,36.71,71.31,2.912,114.26,1180.5,0
2026-05-06 12:00:00,M-035,Plant_D,Lathe,3.5,61.1,64.01,71.61,3.632,116.65,18315.2,0
2026-06-16 00:00:00,M-035,Plant_D,Lathe,3.5,61.1,43.75,63.62,4.016,111.76,15081.1,0
2026-07-07 00:00:00,M-035,Plant_D,Lathe,3.5,61.1,63.21,74.65,4.019,113.39,10506.0,0
2026-07-11 00:00:00,M-035,Plant_D,Lathe,3.5,61.1,60.9,79.98,3.537,112.83,19258.4,1
2026-08-26 12:00:00,M-035,Plant_D,Lathe,3.5,61.1,53.55,72.82,3.501,116.7,8129.4,1
2026-08-28 12:00:00,M-035,Plant_D,Lathe,3.5,61.1,71.38,73.76,4.097,117.28,9062.9,0
2025-02-02 00:00:00,M-036,Plant_A,Lathe,13.0,62.2,68.76,79.44,3.911,120.13,14593.7,1
2025-02-07 00:00:00,M-036,Plant_A,Lathe,13.0,62.2,73.24,84.6,3.875,112.21,5323.4,0
2025-04-03 00:00:00,M-036,Plant_A,Lathe,13.0,62.2,68.96,80.21,3.767,108.72,12648.2,1
2025-07-01 12:00:00,M-036,Plant_A,Lathe,13.0,62.2,63.1,83.72,3.788,110.05,17542.3,1
2025-07-13 12:00:00,M-036,Plant_A,Lathe,13.0,62.2,70.79,66.49,4.445,117.21,21282.9,1
2025-07-13 12:00:00,M-036,Plant_A,Lathe,13.0,62.2,62.39,81.2,4.061,109.63,15136.2,1
2025-07-15 12:00:00,M-036,Plant_A,Lathe,13.0,62.2,69.73,80.94,4.668,112.47,21480.8,0
2025-07-26 00:00:00,M-036,Plant_A,Lathe,13.0,62.2,72.37,80.45,3.784,110.71,4251.3,0
2025-09-01 00:00:00,M-036,Plant_A,Lathe,13.0,62.2,73.01,73.75,4.603,119.47,18146.9,1
2025-09-11 00:00:00,M-036,Plant_A,Lathe,13.0,62.2,73.2,73.92,4.02,113.63,14895.1,0
2025-10-18 00:00:00,M-036,Plant_A,Lathe,13.0,62.2,62.31,83.4,4.159,108.22,12704.8,0
2025-11-05 12:00:00,M-036,Plant_A,Lathe,13.0,62.2,58.4,74.26,4.175,108.39,10423.5,0
2025-12-17 12:00:00,M-036,Plant_A,Lathe,13.0,62.2,68.81,78.75,4.635,107.44,20750.9,1
2025-12-31 00:00:00,M-036,Plant_A,Lathe,13.0,62.2,51.41,79.3,3.883,112.76,15681.6,0
2026-01-02 12:00:00,M-036,Plant_A,Lathe,13.0,62.2,62.95,73.07,4.438,113.39,12606.1,0
2026-01-08 12:00:00,M-036,Plant_A,Lathe,13.0,62.2,70.39,79.53,4.323,111.69,2417.7,0
2026-01-23 00:00:00,M-036,Plant_A,Lathe,13.0,62.2,70.91,75.82,4.057,113.83,8207.9,1
2026-03-24 00:00:00,M-036,Plant_A,Lathe,13.0,62.2,56.58,75.22,4.041,113.59,9455.0,1
2026-05-03 00:00:00,M-036,Plant_A,Lathe,13.0,62.2,61.47,72.26,5.035,111.66,21947.2,1
2026-06-15 00:00:00,M-036,Plant_A,Lathe,13.0,62.2,51.76,77.28,3.736,106.97,14434.5,1
2026-06-18 00:00:00,M-036,Plant_A,Lathe,13.0,62.2,70.83,79.81,3.806,111.86,12631.7,0
2026-07-11 00:00:00,M-036,Plant_A,Lathe,13.0,62.2,66.15,78.89,3.798,110.72,512.3,1
2026-07-31 12:00:00,M-036,Plant_A,Lathe,13.0,62.2,42.36,75.66,3.457,111.26,16020.9,1
2025-01-06 12:00:00,M-037,Plant_D,CNC,11.6,79.0,73.32,81.38,4.555,106.09,11821.8,1
2025-02-23 12:00:00,M-037,Plant_D,CNC,11.6,79.0,80.26,79.17,4.005,113.19,13116.1,0
2025-02-27 12:00:00,M-037,Plant_D,CNC,11.6,79.0,70.94,74.83,4.243,108.42,14204.2,1
2025-02-28 00:00:00,M-037,Plant_D,CNC,11.6,79.0,73.88,78.2,4.889,116.52,3265.5,1
2025-03-03 12:00:00,M-037,Plant_D,CNC,11.6,79.0,76.34,87.0,4.48,112.42,11825.1,0
2025-06-01 12:00:00,M-037,Plant_D,CNC,11.6,79.0,74.96,78.62,4.282,113.64,4733.1,1
2025-07-05 12:00:00,M-037,Plant_D,CNC,11.6,79.0,77.24,79.96,4.234,111.73,18641.8,0
2025-09-08 00:00:00,M-037,Plant_D,CNC,11.6,79.0,71.32,85.06,3.792,117.81,14261.1,1
2025-10-04 00:00:00,M-037,Plant_D,CNC,11.6,79.0,72.8,84.46,3.887,115.92,15409.0,0
2025-11-06 00:00:00,M-037,Plant_D,CNC,11.6,79.0,81.26,83.62,3.708,115.56,756.6,0
2025-12-14 12:00:00,M-037,Plant_D,CNC,11.6,79.0,91.03,70.75,4.494,118.83,5761.7,1
2026-01-30 00:00:00,M-037,Plant_D,CNC,11.6,79.0,87.19,76.94,4.893,111.54,1908.8,1
2026-03-03 00:00:00,M-037,Plant_D,CNC,11.6,79.0,100.0,77.22,4.518,112.42,7010.0,0
2026-03-07 12:00:00,M-037,Plant_D,CNC,11.6,79.0,94.71,78.96,4.163,111.99,5741.0,1
2026-03-20 12:00:00,M-037,Plant_D,CNC,11.6,79.0,66.75,79.36,4.629,119.62,21563.0,0
2026-04-22 00:00:00,M-037,Plant_D,CNC,11.6,79.0,67.3,87.36,4.325,111.97,1514.3,0
2026-05-12 00:00:00,M-037,Plant_D,CNC,11.6,79.0,76.37,84.08,4.56,115.34,2144.5,1
2026-05-17 12:00:00,M-037,Plant_D,CNC,11.6,79.0,64.34,80.92,4.315,112.56,13776.2,1
2026-05-18 12:00:00,M-037,Plant_D,CNC,11.6,79.0,99.62,84.34,5.228,116.4,15819.6,1
2026-05-24 12:00:00,M-037,Plant_D,CNC,11.6,79.0,77.7,74.09,4.279,119.98,15143.3,0
2026-06-03 12:00:00,M-037,Plant_D,CNC,11.6,79.0,66.97,80.16,4.307,108.8,6949.3,1
2026-06-04 00:00:00,M-037,Plant_D,CNC,11.6,79.0,80.27,87.01,4.362,117.32,16037.9,1
2026-06-16 12:00:00,M-037,Plant_D,CNC,11.6,79.0,93.9,85.24,3.425,118.62,7495.4,1
2026-08-16 12:00:00,M-037,Plant_D,CNC,11.6,79.0,91.15,79.66,4.996,115.02,18979.2,0
2026-08-22 12:00:00,M-037,Plant_D,CNC,11.6,79.0,82.59,74.27,5.259,112.94,19115.3,0
2025-02-19 12:00:00,M-038,Plant_D,CNC,11.1,90.0,93.4,84.54,4.448,112.94,5876.7,1
2025-03-15 00:00:00,M-038,Plant_D,CNC,11.1,90.0,95.08,85.3,4.489,118.27,19126.8,1
2025-04-24 12:00:00,M-038,Plant_D,CNC,11.1,90.0,70.83,73.43,3.554,120.99,8190.1,1
2025-04-27 00:00:00,M-038,Plant_D,CNC,11.1,90.0,92.31,86.59,4.74,118.39,11631.6,0
2025-05-25 12:00:00,M-038,Plant_D,CNC,11.1,90.0,82.62,85.39,4.377,123.3,2199.9,0
2025-08-15 00:00:00,M-038,Plant_D,CNC,11.1,90.0,100.0,80.74,4.485,117.48,13797.2,0
2025-08-26 00:00:00,M-038,Plant_D,CNC,11.1,90.0,90.68,86.76,4.226,119.54,11395.4,1
2025-09-20 00:00:00,M-038,Plant_D,CNC,11.1,90.0,92.11,81.07,4.796,124.2,15954.2,1
2025-10-25 12:00:00,M-038,Plant_D,CNC,11.1,90.0,74.78,73.22,3.535,112.79,20228.7,1
2025-11-05 12:00:00,M-038,Plant_D,CNC,11.1,90.0,81.44,80.13,3.309,112.88,13625.6,1
2025-11-13 00:00:00,M-038,Plant_D,CNC,11.1,90.0,100.0,87.6,5.21,118.97,4697.8,1
2025-11-25 12:00:00,M-038,Plant_D,CNC,11.1,90.0,81.94,80.19,3.897,118.86,3668.3,0
2025-12-04 12:00:00,M-038,Plant_D,CNC,11.1,90.0,87.68,91.11,4.452,115.1,18107.4,0
2025-12-08 00:00:00,M-038,Plant_D,CNC,11.1,90.0,96.25,83.95,4.826,114.16,18569.8,1
2026-02-11 00:00:00,M-038,Plant_D,CNC,11.1,90.0,77.83,82.63,4.071,113.33,15028.9,0
2026-03-06 00:00:00,M-038,Plant_D,CNC,11.1,90.0,92.43,84.55,5.248,115.86,11951.5,1
2026-04-19 12:00:00,M-038,Plant_D,CNC,11.1,90.0,100.0,93.64,5.573,115.84,17306.0,0
2026-05-29 12:00:00,M-038,Plant_D,CNC,11.1,90.0,90.65,87.85,4.522,117.25,21878.4,0
2026-05-30 00:00:00,M-038,Plant_D,CNC,11.1,90.0,86.27,71.98,4.788,109.81,13313.2,0
2026-06-25 00:00:00,M-038,Plant_D,CNC,11.1,90.0,70.26,73.24,4.647,109.02,11852.8,0
2026-07-23 12:00:00,M-038,Plant_D,CNC,11.1,90.0,95.31,74.37,4.863,111.39,19618.9,1
2026-07-30 12:00:00,M-038,Plant_D,CNC,11.1,90.0,88.05,89.95,4.424,114.68,1952.4,1
2026-08-06 12:00:00,M-038,Plant_D,CNC,11.1,90.0,77.21,77.57,4.568,109.6,19123.1,1
2026-08-06 12:00:00,M-038,Plant_D,CNC,11.1,90.0,92.43,83.76,4.65,114.86,17801.0,1
2025-02-09 12:00:00,M-039,Plant_B,CNC,7.0,62.9,72.58,69.74,4.02,104.61,2309.8,0
2025-03-05 12:00:00,M-039,Plant_B,CNC,7.0,62.9,93.22,80.67,3.943,118.04,12888.2,1
2025-03-09 00:00:00,M-039,Plant_B,CNC,7.0,62.9,76.58,71.51,3.52,114.12,14848.5,0
2025-03-23 12:00:00,M-039,Plant_B,CNC,7.0,62.9,58.26,76.91,3.671,109.78,13859.0,0
2025-08-10 12:00:00,M-039,Plant_B,CNC,7.0,62.9,60.5,77.31,3.201,116.55,1467.6,0
2025-08-11 12:00:00,M-039,Plant_B,CNC,7.0,62.9,60.35,74.42,3.399,109.84,2522.3,1
2025-10-25 00:00:00,M-039,Plant_B,CNC,7.0,62.9,77.25,83.62,4.063,109.57,9261.6,0
2025-11-15 00:00:00,M-039,Plant_B,CNC,7.0,62.9,51.53,72.32,3.018,106.87,19583.6,0
2025-11-25 12:00:00,M-039,Plant_B,CNC,7.0,62.9,76.89,78.66,3.953,110.43,8934.6,0
2026-01-07 00:00:00,M-039,Plant_B,CNC,7.0,62.9,55.06,69.87,3.282,120.54,15171.2,0
2026-03-01 00:00:00,M-039,Plant_B,CNC,7.0,62.9,63.01,74.37,3.638,115.07,18081.8,1
2026-04-27 12:00:00,M-039,Plant_B,CNC,7.0,62.9,56.36,66.07,4.048,113.86,17523.2,0
2026-05-24 00:00:00,M-039,Plant_B,CNC,7.0,62.9,63.88,72.27,3.846,107.76,11916.6,1
2026-05-25 12:00:00,M-039,Plant_B,CNC,7.0,62.9,58.44,76.24,4.203,114.98,5790.2,0
2026-06-01 00:00:00,M-039,Plant_B,CNC,7.0,62.9,54.39,72.04,3.802,112.26,21322.8,0
2026-06-16 00:00:00,M-039,Plant_B,CNC,7.0,62.9,69.94,76.95,3.468,113.91,1692.8,1
2026-08-30 00:00:00,M-039,Plant_B,CNC,7.0,62.9,62.54,73.85,3.379,112.65,1028.1,1
2025-01-25 00:00:00,M-040,Plant_C,CNC,9.8,67.4,75.66,78.66,4.055,111.5,10959.1,1
2025-04-01 00:00:00,M-040,Plant_C,CNC,9.8,67.4,74.15,72.01,4.734,115.73,13345.8,1
2025-04-11 00:00:00,M-040,Plant_C,CNC,9.8,67.4,60.95,82.43,3.698,117.31,11916.6,0
2025-09-02 12:00:00,M-040,Plant_C,CNC,9.8,67.4,67.32,75.32,3.835,114.78,2880.5,1
2025-10-16 12:00:00,M-040,Plant_C,CNC,9.8,67.4,83.15,92.74,4.506,113.06,4898.3,1
2025-11-03 00:00:00,M-040,Plant_C,CNC,9.8,67.4,76.12,71.4,3.987,113.53,17740.2,0
2025-11-05 12:00:00,M-040,Plant_C,CNC,9.8,67.4,77.74,79.88,3.929,117.48,4461.1,0
2025-12-22 00:00:00,M-040,Plant_C,CNC,9.8,67.4,54.76,66.43,3.83,117.59,13913.1,0
2025-12-25 00:00:00,M-040,Plant_C,CNC,9.8,67.4,73.99,75.85,3.923,114.05,2000.8,0
2026-01-12 12:00:00,M-040,Plant_C,CNC,9.8,67.4,59.18,79.03,3.816,114.32,3456.6,0
2026-03-02 12:00:00,M-040,Plant_C,CNC,9.8,67.4,63.93,74.6,3.572,116.34,18779.0,0
2026-03-05 12:00:00,M-040,Plant_C,CNC,9.8,67.4,67.83,81.36,3.709,115.31,13939.9,1
2026-03-28 12:00:00,M-040,Plant_C,CNC,9.8,67.4,59.12,73.36,4.059,111.74,18478.7,1
2026-04-01 00:00:00,M-040,Plant_C,CNC,9.8,67.4,57.2,78.77,3.655,111.99,7714.0,0
2026-06-05 00:00:00,M-040,Plant_C,CNC,9.8,67.4,68.9,74.03,4.11,114.01,14486.7,1
2026-07-20 00:00:00,M-040,Plant_C,CNC,9.8,67.4,58.25,75.65,3.954,115.59,4932.3,1
2026-08-08 12:00:00,M-040,Plant_C,CNC,9.8,67.4,57.08,67.84,4.409,111.13,15623.2,0
2025-01-13 00:00:00,M-041,Plant_A,Press,9.2,86.1,93.42,76.93,3.947,113.33,15783.8,0
2025-03-21 12:00:00,M-041,Plant_A,Press,9.2,86.1,98.48,88.48,4.317,116.8,4492.6,1
2025-04-06 12:00:00,M-041,Plant_A,Press,9.2,86.1,83.01,79.32,3.886,113.95,14615.8,1
2025-04-29 00:00:00,M-041,Plant_A,Press,9.2,86.1,100.0,84.2,5.207,120.21,7734.0,1
2025-05-02 12:00:00,M-041,Plant_A,Press,9.2,86.1,91.99,75.51,4.275,118.95,19283.7,0
2025-07-21 12:00:00,M-041,Plant_A,Press,9.2,86.1,79.45,80.99,4.686,112.86,16320.2,1
2025-08-27 00:00:00,M-041,Plant_A,Press,9.2,86.1,82.1,76.0,4.113,113.45,18837.2,1
2025-08-28 00:00:00,M-041,Plant_A,Press,9.2,86.1,87.64,80.02,4.34,110.68,3773.2,1
2025-10-25 00:00:00,M-041,Plant_A,Press,9.2,86.1,90.95,89.97,4.129,113.7,19808.3,0
2025-11-16 12:00:00,M-041,Plant_A,Press,9.2,86.1,88.89,93.33,4.34,119.13,13843.9,1
2025-12-08 00:00:00,M-041,Plant_A,Press,9.2,86.1,77.05,84.31,4.087,112.64,1778.1,0
2026-03-19 00:00:00,M-041,Plant_A,Press,9.2,86.1,60.08,71.4,3.721,103.26,9339.5,0
2026-04-07 00:00:00,M-041,Plant_A,Press,9.2,86.1,79.31,86.39,4.019,109.89,21600.0,0
2026-05-04 12:00:00,M-041,Plant_A,Press,9.2,86.1,81.8,82.4,4.564,121.0,17571.8,1
2026-07-20 12:00:00,M-041,Plant_A,Press,9.2,86.1,80.05,83.2,4.061,112.09,1215.6,1
2025-01-19 00:00:00,M-042,Plant_D,Lathe,10.1,93.9,99.55,85.02,4.19,113.96,11613.9,1
2025-03-04 12:00:00,M-042,Plant_D,Lathe,10.1,93.9,98.75,92.53,4.593,114.64,13418.8,0
2025-04-05 12:00:00,M-042,Plant_D,Lathe,10.1,93.9,82.72,85.32,3.93,115.26,2873.9,0
2025-05-03 12:00:00,M-042,Plant_D,Lathe,10.1,93.9,100.0,86.32,3.999,112.68,3871.5,0
2025-05-27 00:00:00,M-042,Plant_D,Lathe,10.1,93.9,84.47,72.41,3.913,121.98,18916.8,0
2025-06-27 00:00:00,M-042,Plant_D,Lathe,10.1,93.9,93.73,81.56,4.731,112.97,2201.3,0
2025-07-09 12:00:00,M-042,Plant_D,Lathe,10.1,93.9,82.65,80.39,3.653,112.35,1021.7,1
2025-07-12 00:00:00,M-042,Plant_D,Lathe,10.1,93.9,86.88,81.48,4.249,112.45,3327.5,1
2025-07-28 00:00:00,M-042,Plant_D,Lathe,10.1,93.9,94.03,84.4,4.396,116.26,5331.9,1
2025-11-02 00:00:00,M-042,Plant_D,Lathe,10.1,93.9,84.56,85.71,4.581,119.51,4005.5,1
2025-11-24 12:00:00,M-042,Plant_D,Lathe,10.1,93.9,84.59,88.5,3.833,116.33,7612.2,0
2025-12-25 00:00:00,M-042,Plant_D,Lathe,10.1,93.9,91.12,78.37,4.62,122.36,6542.5,1
2025-12-28 00:00:00,M-042,Plant_D,Lathe,10.1,93.9,95.74,86.73,4.169,114.59,15002.6,1
2025-12-28 12:00:00,M-042,Plant_D,Lathe,10.1,93.9,89.67,78.32,4.21,116.18,15860.7,1
2026-01-05 00:00:00,M-042,Plant_D,Lathe,10.1,93.9,66.41,72.99,4.239,114.46,17402.2,1
2026-01-14 12:00:00,M-042,Plant_D,Lathe,10.1,93.9,100.0,83.09,4.676,121.86,6029.7,0
2026-02-12 00:00:00,M-042,Plant_D,Lathe,10.1,93.9,90.14,80.93,3.9,111.22,9286.7,0
2026-03-10 00:00:00,M-042,Plant_D,Lathe,10.1,93.9,85.57,85.95,4.743,110.94,6789.7,0
2026-03-23 00:00:00,M-042,Plant_D,Lathe,10.1,93.9,78.54,72.6,4.66,111.91,21665.1,1
2026-06-20 00:00:00,M-042,Plant_D,Lathe,10.1,93.9,100.0,85.65,3.991,119.01,20369.1,0
2026-07-30 12:00:00,M-042,Plant_D,Lathe,10.1,93.9,96.93,81.32,4.423,111.86,11963.7,0
2025-01-10 12:00:00,M-043,Plant_C,Lathe,2.2,75.0,81.05,78.86,3.637,114.0,17311.5,1
2025-01-27 12:00:00,M-043,Plant_C,Lathe,2.2,75.0,76.93,83.55,4.131,110.8,21790.2,1
2025-03-05 12:00:00,M-043,Plant_C,Lathe,2.2,75.0,93.17,85.08,3.667,112.86,8253.3,0
2025-04-30 12:00:00,M-043,Plant_C,Lathe,2.2,75.0,75.13,71.05,3.1,115.22,10022.1,0
2025-08-24 12:00:00,M-043,Plant_C,Lathe,2.2,75.0,72.26,77.41,3.612,113.01,12745.4,0
2025-09-21 00:00:00,M-043,Plant_C,Lathe,2.2,75.0,82.5,75.38,3.154,113.23,2002.4,1
2025-10-08 00:00:00,M-043,Plant_C,Lathe,2.2,75.0,51.19,70.24,2.737,118.02,12262.7,0
2025-10-11 00:00:00,M-043,Plant_C,Lathe,2.2,75.0,61.67,73.55,3.64,113.36,1559.7,1
2025-11-09 12:00:00,M-043,Plant_C,Lathe,2.2,75.0,58.32,73.44,3.888,114.83,8687.4,0
2025-11-16 00:00:00,M-043,Plant_C,Lathe,2.2,75.0,98.0,84.21,3.56,117.97,15832.1,1
2025-12-19 12:00:00,M-043,Plant_C,Lathe,2.2,75.0,87.68,79.93,3.711,115.5,2849.2,1
2026-01-21 12:00:00,M-043,Plant_C,Lathe,2.2,75.0,61.98,67.97,3.049,110.15,8636.4,0
2026-03-04 00:00:00,M-043,Plant_C,Lathe,2.2,75.0,84.05,85.24,3.747,112.53,8702.9,0
2026-03-22 12:00:00,M-043,Plant_C,Lathe,2.2,75.0,75.12,79.62,3.825,115.24,9966.5,0
2026-03-23 00:00:00,M-043,Plant_C,Lathe,2.2,75.0,60.71,78.04,3.438,109.49,3742.1,0
2026-04-22 00:00:00,M-043,Plant_C,Lathe,2.2,75.0,62.13,73.06,2.914,112.73,12712.0,0
2026-06-01 12:00:00,M-043,Plant_C,Lathe,2.2,75.0,87.58,76.95,3.977,116.09,650.4,1
2026-06-02 00:00:00,M-043,Plant_C,Lathe,2.2,75.0,75.41,76.68,4.149,115.47,8703.5,1
2026-06-29 00:00:00,M-043,Plant_C,Lathe,2.2,75.0,75.86,80.09,3.676,123.4,1466.5,1
2026-08-07 00:00:00,M-043,Plant_C,Lathe,2.2,75.0,84.66,69.2,3.816,117.1,2774.0,1
2026-08-26 12:00:00,M-043,Plant_C,Lathe,2.2,75.0,74.44,72.85,3.513,111.92,10185.2,0
2025-01-06 00:00:00,M-044,Plant_B,Press,6.8,60.8,60.78,79.09,3.324,115.97,14736.5,1
2025-02-10 00:00:00,M-044,Plant_B,Press,6.8,60.8,49.63,71.61,3.875,109.37,14373.6,0
2025-03-09 00:00:00,M-044,Plant_B,Press,6.8,60.8,45.82,78.76,3.056,111.25,14707.9,0
2025-04-18 12:00:00,M-044,Plant_B,Press,6.8,60.8,63.37,82.71,3.674,112.47,5683.0,1
2025-05-08 12:00:00,M-044,Plant_B,Press,6.8,60.8,57.64,70.03,3.237,115.51,8261.0,0
2025-05-22 00:00:00,M-044,Plant_B,Press,6.8,60.8,52.58,58.29,3.001,109.06,1255.8,0
2025-06-07 00:00:00,M-044,Plant_B,Press,6.8,60.8,50.33,70.05,3.875,109.08,8152.9,0
2025-07-13 00:00:00,M-044,Plant_B,Press,6.8,60.8,57.09,81.76,3.335,111.46,8257.9,0
2025-07-22 12:00:00,M-044,Plant_B,Press,6.8,60.8,59.64,78.75,3.792,112.17,3469.4,1
2025-07-30 00:00:00,M-044,Plant_B,Press,6.8,60.8,44.01,70.32,3.472,115.08,8027.7,0
2025-08-07 00:00:00,M-044,Plant_B,Press,6.8,60.8,61.99,72.21,3.733,114.94,1612.7,0
2025-09-19 12:00:00,M-044,Plant_B,Press,6.8,60.8,49.42,72.86,3.758,108.33,9651.1,0
2025-10-04 12:00:00,M-044,Plant_B,Press,6.8,60.8,63.11,79.26,3.732,110.91,3788.4,0
2025-10-16 12:00:00,M-044,Plant_B,Press,6.8,60.8,64.95,76.61,3.695,108.12,16906.1,1
2025-11-25 00:00:00,M-044,Plant_B,Press,6.8,60.8,67.52,80.14,3.504,109.27,4753.9,1
2025-12-21 12:00:00,M-044,Plant_B,Press,6.8,60.8,65.0,71.93,3.334,112.18,18008.1,0
2026-01-21 00:00:00,M-044,Plant_B,Press,6.8,60.8,42.7,81.64,2.878,115.89,12622.3,0
2026-01-30 12:00:00,M-044,Plant_B,Press,6.8,60.8,71.26,74.16,3.176,118.23,11163.8,0
2026-02-12 12:00:00,M-044,Plant_B,Press,6.8,60.8,68.47,83.85,3.742,117.52,20898.6,0
2026-04-01 12:00:00,M-044,Plant_B,Press,6.8,60.8,43.45,71.62,3.069,112.08,2926.1,0
2026-06-23 12:00:00,M-044,Plant_B,Press,6.8,60.8,67.44,76.13,3.746,110.48,21161.9,0
2026-08-07 12:00:00,M-044,Plant_B,Press,6.8,60.8,59.07,67.1,3.571,113.77,10322.9,0
2025-02-06 12:00:00,M-045,Plant_A,Compressor,1.6,55.6,52.48,79.16,2.999,107.5,12141.9,0
2025-02-24 12:00:00,M-045,Plant_A,Compressor,1.6,55.6,54.65,64.46,3.178,108.65,14691.1,1
2025-03-09 12:00:00,M-045,Plant_A,Compressor,1.6,55.6,70.65,85.0,3.137,117.28,9505.8,0
2025-05-07 12:00:00,M-045,Plant_A,Compressor,1.6,55.6,44.37,70.8,2.62,114.78,7429.9,0
2025-07-13 00:00:00,M-045,Plant_A,Compressor,1.6,55.6,47.42,79.89,3.058,111.55,20857.7,0
2025-10-29 12:00:00,M-045,Plant_A,Compressor,1.6,55.6,58.44,78.69,3.565,106.68,14787.0,0
2025-12-25 12:00:00,M-045,Plant_A,Compressor,1.6,55.6,40.91,71.83,2.682,107.15,1042.9,0
2026-02-01 00:00:00,M-045,Plant_A,Compressor,1.6,55.6,57.98,76.58,2.51,118.51,10287.6,1
2026-02-01 00:00:00,M-045,Plant_A,Compressor,1.6,55.6,50.7,74.9,2.868,115.42,19881.6,0
2026-06-28 00:00:00,M-045,Plant_A,Compressor,1.6,55.6,49.52,68.37,2.993,106.61,15754.0,0
2026-07-12 12:00:00,M-045,Plant_A,Compressor,1.6,55.6,57.75,75.23,2.491,110.77,1352.0,0
2026-08-27 00:00:00,M-045,Plant_A,Compressor,1.6,55.6,53.86,74.04,3.242,109.66,5932.9,0
2025-04-12 12:00:00,M-046,Plant_D,Lathe,7.9,64.2,57.6,71.63,4.088,111.72,4327.8,1
2025-04-15 00:00:00,M-046,Plant_D,Lathe,7.9,64.2,59.5,64.2,3.392,111.35,15515.6,0
2025-05-15 12:00:00,M-046,Plant_D,Lathe,7.9,64.2,70.6,80.51,4.108,115.59,1032.5,1
2025-05-26 00:00:00,M-046,Plant_D,Lathe,7.9,64.2,54.22,81.23,4.479,112.28,15686.5,0
2025-07-03 00:00:00,M-046,Plant_D,Lathe,7.9,64.2,64.83,80.28,4.065,111.95,1706.6,1
2025-07-10 12:00:00,M-046,Plant_D,Lathe,7.9,64.2,79.22,78.75,4.176,117.91,3894.7,1
2025-08-28 00:00:00,M-046,Plant_D,Lathe,7.9,64.2,67.07,68.64,3.911,116.22,6812.6,1
2025-09-10 00:00:00,M-046,Plant_D,Lathe,7.9,64.2,75.89,74.33,4.449,110.01,20262.5,1
2025-11-22 12:00:00,M-046,Plant_D,Lathe,7.9,64.2,52.5,79.19,3.352,108.89,2973.5,0
2025-11-26 00:00:00,M-046,Plant_D,Lathe,7.9,64.2,69.75,78.83,3.797,120.55,6776.8,1
2025-12-10 12:00:00,M-046,Plant_D,Lathe,7.9,64.2,75.85,81.56,4.272,115.26,3074.6,0
2025-12-12 12:00:00,M-046,Plant_D,Lathe,7.9,64.2,60.8,72.83,3.645,112.41,21427.7,0
2026-01-17 00:00:00,M-046,Plant_D,Lathe,7.9,64.2,35.03,76.45,3.541,106.47,8971.6,0
2026-01-24 00:00:00,M-046,Plant_D,Lathe,7.9,64.2,54.11,71.94,3.379,103.0,18968.3,0
2026-03-17 00:00:00,M-046,Plant_D,Lathe,7.9,64.2,60.17,75.1,3.214,110.56,20272.3,1
2026-04-17 12:00:00,M-046,Plant_D,Lathe,7.9,64.2,63.56,74.8,3.578,118.61,9399.2,0
2026-05-25 12:00:00,M-046,Plant_D,Lathe,7.9,64.2,58.36,77.46,3.262,115.71,1622.1,0
2026-06-06 00:00:00,M-046,Plant_D,Lathe,7.9,64.2,54.27,74.58,3.272,104.89,9452.7,0
2026-06-23 00:00:00,M-046,Plant_D,Lathe,7.9,64.2,86.54,81.45,4.474,114.12,16568.4,0
2026-08-20 00:00:00,M-046,Plant_D,Lathe,7.9,64.2,66.36,73.5,3.961,113.03,10702.3,1
2026-08-25 12:00:00,M-046,Plant_D,Lathe,7.9,64.2,67.01,78.19,4.06,114.92,1138.9,0
2026-08-28 12:00:00,M-046,Plant_D,Lathe,7.9,64.2,53.19,66.52,3.892,110.89,8888.9,0
2025-02-03 12:00:00,M-047,Plant_B,CNC,5.6,60.3,75.09,78.05,3.846,109.18,3019.5,1
2025-03-23 00:00:00,M-047,Plant_B,CNC,5.6,60.3,61.68,69.14,3.186,114.59,13313.2,0
2025-04-04 00:00:00,M-047,Plant_B,CNC,5.6,60.3,35.0,72.27,2.707,101.22,19412.8,0
2025-04-04 00:00:00,M-047,Plant_B,CNC,5.6,60.3,74.61,76.16,3.651,108.6,17722.1,0
2025-04-09 12:00:00,M-047,Plant_B,CNC,5.6,60.3,69.67,77.83,3.738,112.01,1747.9,0
2025-04-27 12:00:00,M-047,Plant_B,CNC,5.6,60.3,57.71,74.85,3.217,112.62,20656.9,0
2025-06-03 12:00:00,M-047,Plant_B,CNC,5.6,60.3,53.83,66.32,3.462,109.25,13671.4,0
2025-09-02 12:00:00,M-047,Plant_B,CNC,5.6,60.3,55.29,75.29,3.543,107.89,7799.3,0
2025-09-11 12:00:00,M-047,Plant_B,CNC,5.6,60.3,63.39,71.92,3.727,109.21,9706.2,1
2025-09-19 12:00:00,M-047,Plant_B,CNC,5.6,60.3,73.53,76.82,3.706,115.98,15024.6,1
2025-10-07 12:00:00,M-047,Plant_B,CNC,5.6,60.3,53.9,74.23,2.9,110.11,19142.6,0
2025-12-04 12:00:00,M-047,Plant_B,CNC,5.6,60.3,67.7,68.93,4.279,104.93,7113.2,0
2025-12-18 00:00:00,M-047,Plant_B,CNC,5.6,60.3,65.22,76.13,4.029,111.34,13333.2,1
2025-12-18 00:00:00,M-047,Plant_B,CNC,5.6,60.3,72.95,78.45,3.886,115.74,10007.6,0
2026-03-16 00:00:00,M-047,Plant_B,CNC,5.6,60.3,61.32,77.97,3.88,109.99,10442.3,0
2026-04-15 00:00:00,M-047,Plant_B,CNC,5.6,60.3,66.33,75.54,3.554,119.85,5602.7,0
2026-05-28 00:00:00,M-047,Plant_B,CNC,5.6,60.3,66.49,76.74,3.658,109.42,6506.4,0
2026-06-24 00:00:00,M-047,Plant_B,CNC,5.6,60.3,51.15,70.9,3.706,114.45,11167.8,0
2026-08-17 12:00:00,M-047,Plant_B,CNC,5.6,60.3,55.81,81.99,3.279,118.61,14034.2,1
2025-01-04 00:00:00,M-048,Plant_D,Compressor,3.0,82.1,74.66,67.56,3.537,113.29,13304.1,1
2025-01-11 12:00:00,M-048,Plant_D,Compressor,3.0,82.1,94.43,87.09,4.336,119.7,21825.9,0
2025-04-10 00:00:00,M-048,Plant_D,Compressor,3.0,82.1,62.49,75.72,3.388,110.65,4381.2,1
2025-04-22 00:00:00,M-048,Plant_D,Compressor,3.0,82.1,100.0,83.89,3.584,115.71,13584.1,1
2025-07-11 00:00:00,M-048,Plant_D,Compressor,3.0,82.1,83.79,70.96,3.669,112.36,8037.9,0
2025-07-30 12:00:00,M-048,Plant_D,Compressor,3.0,82.1,95.0,80.65,4.548,117.72,3416.3,0
2025-09-08 00:00:00,M-048,Plant_D,Compressor,3.0,82.1,83.37,71.66,3.835,119.14,7042.2,0
2025-10-01 00:00:00,M-048,Plant_D,Compressor,3.0,82.1,79.7,74.0,4.366,117.93,9196.9,1
2026-03-17 12:00:00,M-048,Plant_D,Compressor,3.0,82.1,85.35,79.39,3.62,109.59,21700.1,1
2026-04-29 00:00:00,M-048,Plant_D,Compressor,3.0,82.1,71.17,75.88,3.605,115.21,6359.9,1
2026-06-04 12:00:00,M-048,Plant_D,Compressor,3.0,82.1,75.1,82.16,4.014,113.47,15670.4,1
2026-06-08 00:00:00,M-048,Plant_D,Compressor,3.0,82.1,77.48,82.1,3.628,119.73,14618.6,1
2026-06-21 12:00:00,M-048,Plant_D,Compressor,3.0,82.1,85.8,76.86,3.868,121.37,6916.5,0
2025-02-07 12:00:00,M-049,Plant_C,Lathe,2.4,59.9,58.28,64.69,2.84,113.89,9376.7,0
2025-03-06 12:00:00,M-049,Plant_C,Lathe,2.4,59.9,64.43,79.83,4.161,111.1,12468.2,1
2025-03-25 12:00:00,M-049,Plant_C,Lathe,2.4,59.9,62.6,78.44,3.453,107.52,19672.5,0
2025-04-04 00:00:00,M-049,Plant_C,Lathe,2.4,59.9,60.54,75.35,3.413,116.89,17575.3,1
2025-04-17 00:00:00,M-049,Plant_C,Lathe,2.4,59.9,63.83,73.19,3.367,116.41,12355.8,1
2025-06-22 00:00:00,M-049,Plant_C,Lathe,2.4,59.9,64.12,75.79,3.531,110.05,8309.6,1
2025-07-03 00:00:00,M-049,Plant_C,Lathe,2.4,59.9,70.56,80.04,2.985,114.67,13877.5,0
2025-09-30 00:00:00,M-049,Plant_C,Lathe,2.4,59.9,62.81,72.56,3.247,117.05,12277.9,1
2025-11-13 12:00:00,M-049,Plant_C,Lathe,2.4,59.9,66.67,82.87,3.404,109.18,10231.8,1
2025-11-19 12:00:00,M-049,Plant_C,Lathe,2.4,59.9,62.06,75.28,3.471,108.4,21494.5,0
2025-12-03 00:00:00,M-049,Plant_C,Lathe,2.4,59.9,52.39,75.72,3.642,113.25,21700.1,0
2026-02-19 00:00:00,M-049,Plant_C,Lathe,2.4,59.9,70.47,70.51,3.229,109.83,13299.5,0
2026-04-15 00:00:00,M-049,Plant_C,Lathe,2.4,59.9,79.62,76.93,3.636,117.24,11474.1,1
2026-04-22 00:00:00,M-049,Plant_C,Lathe,2.4,59.9,49.73,65.17,3.568,110.22,16599.5,0
2026-05-15 12:00:00,M-049,Plant_C,Lathe,2.4,59.9,72.56,65.4,3.957,108.99,1278.1,0
2026-05-16 12:00:00,M-049,Plant_C,Lathe,2.4,59.9,74.68,74.86,2.958,116.58,4201.7,0
2026-06-20 00:00:00,M-049,Plant_C,Lathe,2.4,59.9,61.31,82.34,3.839,113.54,19259.5,0
2026-08-19 00:00:00,M-049,Plant_C,Lathe,2.4,59.9,66.01,74.23,3.0,111.75,19429.2,0
2026-08-22 00:00:00,M-049,Plant_C,Lathe,2.4,59.9,59.88,73.91,2.894,109.57,5921.6,1
2026-08-24 00:00:00,M-049,Plant_C,Lathe,2.4,59.9,61.89,72.19,3.473,108.78,6175.4,0
2025-01-15 00:00:00,M-050,Plant_D,Lathe,9.2,75.3,68.58,74.46,3.58,112.41,9011.5,0
2025-01-27 00:00:00,M-050,Plant_D,Lathe,9.2,75.3,98.68,86.49,4.652,119.69,8635.3,0
2025-04-02 00:00:00,M-050,Plant_D,Lathe,9.2,75.3,87.26,73.94,4.024,114.04,4317.3,0
2025-04-16 00:00:00,M-050,Plant_D,Lathe,9.2,75.3,76.16,78.61,4.044,112.04,16362.8,1
2025-05-22 00:00:00,M-050,Plant_D,Lathe,9.2,75.3,62.55,77.36,3.798,107.72,660.5,0
2025-05-23 00:00:00,M-050,Plant_D,Lathe,9.2,75.3,68.6,76.11,4.028,107.5,21856.7,1
2025-06-04 12:00:00,M-050,Plant_D,Lathe,9.2,75.3,68.47,80.26,3.503,112.69,7672.8,1
2025-06-20 12:00:00,M-050,Plant_D,Lathe,9.2,75.3,86.17,86.72,3.613,117.89,7067.0,1
2025-09-11 00:00:00,M-050,Plant_D,Lathe,9.2,75.3,81.61,81.44,4.602,111.18,9861.7,0
2025-10-01 00:00:00,M-050,Plant_D,Lathe,9.2,75.3,71.85,83.77,3.799,114.85,10746.8,1
2025-10-06 00:00:00,M-050,Plant_D,Lathe,9.2,75.3,86.65,82.22,4.441,110.67,19662.7,0
2025-11-03 00:00:00,M-050,Plant_D,Lathe,9.2,75.3,64.21,77.28,4.792,115.69,21094.1,1
2025-11-30 00:00:00,M-050,Plant_D,Lathe,9.2,75.3,79.52,75.02,3.716,112.9,19523.5,0
2025-12-10 00:00:00,M-050,Plant_D,Lathe,9.2,75.3,73.41,81.95,3.636,116.99,17397.4,1
2026-02-17 12:00:00,M-050,Plant_D,Lathe,9.2,75.3,74.42,74.37,3.978,112.45,1122.7,1
2026-03-08 00:00:00,M-050,Plant_D,Lathe,9.2,75.3,65.44,80.52,3.987,117.58,13338.9,1
2026-03-15 12:00:00,M-050,Plant_D,Lathe,9.2,75.3,64.83,79.87,3.794,112.92,1262.4,0
2026-04-19 00:00:00,M-050,Plant_D,Lathe,9.2,75.3,71.56,73.92,4.464,117.07,9715.9,1
2026-04-24 00:00:00,M-050,Plant_D,Lathe,9.2,75.3,83.09,73.6,4.445,112.19,2557.8,0
2026-05-28 00:00:00,M-050,Plant_D,Lathe,9.2,75.3,76.0,79.36,3.96,117.97,3495.2,0
2026-06-09 12:00:00,M-050,Plant_D,Lathe,9.2,75.3,74.22,82.82,3.85,113.75,6507.6,1
2026-06-29 00:00:00,M-050,Plant_D,Lathe,9.2,75.3,67.59,85.98,4.106,112.08,3987.0,1
2025-01-01 12:00:00,M-051,Plant_D,Lathe,3.4,82.8,84.6,79.0,3.373,116.82,10600.8,0
2025-01-09 00:00:00,M-051,Plant_D,Lathe,3.4,82.8,73.22,77.18,2.767,117.88,19863.9,1
2025-02-18 00:00:00,M-051,Plant_D,Lathe,3.4,82.8,85.83,75.44,3.337,109.98,14326.5,1
2025-03-14 00:00:00,M-051,Plant_D,Lathe,3.4,82.8,83.87,70.31,4.233,113.64,11263.0,1
2025-03-19 12:00:00,M-051,Plant_D,Lathe,3.4,82.8,80.18,67.96,3.922,114.15,3237.7,0
2025-03-29 00:00:00,M-051,Plant_D,Lathe,3.4,82.8,91.59,80.0,4.052,114.01,9374.2,0
2025-04-04 12:00:00,M-051,Plant_D,Lathe,3.4,82.8,90.67,77.61,4.133,116.06,1571.6,0
2025-05-29 12:00:00,M-051,Plant_D,Lathe,3.4,82.8,87.6,88.84,3.697,115.86,1718.0,1
2025-06-11 00:00:00,M-051,Plant_D,Lathe,3.4,82.8,77.13,85.37,3.559,104.63,718.7,0
2025-07-12 12:00:00,M-051,Plant_D,Lathe,3.4,82.8,93.85,81.7,3.967,115.79,1030.5,0
2025-09-03 00:00:00,M-051,Plant_D,Lathe,3.4,82.8,72.04,79.13,3.211,116.97,893.1,1
2025-10-21 00:00:00,M-051,Plant_D,Lathe,3.4,82.8,92.61,71.58,4.506,109.66,13094.7,0
2025-12-25 12:00:00,M-051,Plant_D,Lathe,3.4,82.8,82.29,79.63,4.322,118.27,12544.6,0
2026-01-22 00:00:00,M-051,Plant_D,Lathe,3.4,82.8,90.89,77.05,3.893,118.19,15353.4,0
2026-01-28 00:00:00,M-051,Plant_D,Lathe,3.4,82.8,88.52,71.3,4.168,123.05,5475.9,1
2026-02-16 00:00:00,M-051,Plant_D,Lathe,3.4,82.8,76.77,79.78,3.854,112.56,2847.7,0
2026-03-24 12:00:00,M-051,Plant_D,Lathe,3.4,82.8,64.77,71.6,3.477,113.93,16537.6,0
2026-05-10 12:00:00,M-051,Plant_D,Lathe,3.4,82.8,74.27,66.37,2.965,110.5,590.9,1
2026-06-01 12:00:00,M-051,Plant_D,Lathe,3.4,82.8,86.08,77.88,3.831,110.22,15052.8,0
2026-06-16 12:00:00,M-051,Plant_D,Lathe,3.4,82.8,76.64,82.46,4.321,110.05,1049.5,0
2026-06-27 12:00:00,M-051,Plant_D,Lathe,3.4,82.8,61.24,75.42,3.374,114.53,13509.9,1
2025-01-30 12:00:00,M-052,Plant_A,Lathe,14.0,78.2,87.9,85.37,5.206,114.21,10272.1,1
2025-02-01 00:00:00,M-052,Plant_A,Lathe,14.0,78.2,91.21,84.83,5.435,115.17,14808.7,0
2025-02-01 12:00:00,M-052,Plant_A,Lathe,14.0,78.2,73.7,79.01,4.115,112.71,631.0,1
2025-04-17 12:00:00,M-052,Plant_A,Lathe,14.0,78.2,65.34,88.53,3.65,115.5,17214.9,0
2025-05-23 12:00:00,M-052,Plant_A,Lathe,14.0,78.2,86.77,80.3,4.7,118.69,8420.7,1
2025-07-15 00:00:00,M-052,Plant_A,Lathe,14.0,78.2,73.3,75.74,4.467,114.95,9605.9,0
2025-08-29 12:00:00,M-052,Plant_A,Lathe,14.0,78.2,77.3,79.05,4.524,115.21,1865.9,1
2025-10-03 00:00:00,M-052,Plant_A,Lathe,14.0,78.2,55.61,80.04,3.512,117.22,3576.5,1
2025-10-20 12:00:00,M-052,Plant_A,Lathe,14.0,78.2,85.08,81.96,4.687,112.3,8481.7,0
2025-11-18 12:00:00,M-052,Plant_A,Lathe,14.0,78.2,82.2,82.99,4.618,108.43,20453.2,1
2025-11-19 00:00:00,M-052,Plant_A,Lathe,14.0,78.2,65.03,88.01,4.767,114.86,614.4,1
2026-01-21 00:00:00,M-052,Plant_A,Lathe,14.0,78.2,63.34,76.25,4.534,111.23,2699.7,1
2026-01-31 00:00:00,M-052,Plant_A,Lathe,14.0,78.2,71.22,90.91,4.535,113.8,690.9,1
2026-02-22 12:00:00,M-052,Plant_A,Lathe,14.0,78.2,84.53,81.85,4.337,118.3,6385.1,1
2026-02-28 00:00:00,M-052,Plant_A,Lathe,14.0,78.2,73.09,84.19,4.449,114.47,6772.4,1
2026-03-21 00:00:00,M-052,Plant_A,Lathe,14.0,78.2,69.85,77.11,4.014,114.34,6851.0,1
2026-05-07 00:00:00,M-052,Plant_A,Lathe,14.0,78.2,85.51,79.13,4.763,121.74,17464.1,0
2026-07-21 00:00:00,M-052,Plant_A,Lathe,14.0,78.2,80.97,74.14,4.431,128.81,727.6,1
2025-01-26 00:00:00,M-053,Plant_B,CNC,9.1,63.0,62.66,81.96,3.914,111.04,17904.9,1
2025-02-22 00:00:00,M-053,Plant_B,CNC,9.1,63.0,44.44,72.33,3.745,114.12,10764.6,0
2025-02-24 12:00:00,M-053,Plant_B,CNC,9.1,63.0,68.46,75.72,3.784,107.35,13525.4,1
2025-02-26 12:00:00,M-053,Plant_B,CNC,9.1,63.0,70.89,72.48,4.174,115.04,2442.1,1
2025-03-14 12:00:00,M-053,Plant_B,CNC,9.1,63.0,53.06,75.92,3.425,116.21,811.0,0
2025-05-08 12:00:00,M-053,Plant_B,CNC,9.1,63.0,72.76,79.2,4.303,118.41,13382.0,0
2025-05-22 00:00:00,M-053,Plant_B,CNC,9.1,63.0,62.6,78.45,3.765,115.6,4143.2,0
2025-06-09 12:00:00,M-053,Plant_B,CNC,9.1,63.0,71.24,79.51,4.174,110.36,3399.8,1
2025-06-12 12:00:00,M-053,Plant_B,CNC,9.1,63.0,78.86,86.89,4.171,116.55,17127.0,1
2025-06-29 00:00:00,M-053,Plant_B,CNC,9.1,63.0,66.9,79.58,3.588,115.24,3322.0,1
2025-07-04 12:00:00,M-053,Plant_B,CNC,9.1,63.0,67.18,79.8,4.662,112.98,934.0,1
2025-07-14 12:00:00,M-053,Plant_B,CNC,9.1,63.0,67.35,72.13,4.153,118.33,6692.9,1
2025-07-27 12:00:00,M-053,Plant_B,CNC,9.1,63.0,77.47,80.24,4.626,113.91,13266.8,0
2026-01-06 12:00:00,M-053,Plant_B,CNC,9.1,63.0,79.57,77.58,4.28,110.13,21520.8,0
2026-01-18 00:00:00,M-053,Plant_B,CNC,9.1,63.0,61.86,76.22,3.235,114.33,6225.5,1
2026-01-20 00:00:00,M-053,Plant_B,CNC,9.1,63.0,64.05,78.53,3.73,112.79,9104.4,1
2026-01-29 12:00:00,M-053,Plant_B,CNC,9.1,63.0,57.93,72.43,4.024,111.35,4263.4,0
2026-06-01 12:00:00,M-053,Plant_B,CNC,9.1,63.0,63.95,83.11,3.915,112.35,11028.7,0
2026-07-07 12:00:00,M-053,Plant_B,CNC,9.1,63.0,69.62,77.25,3.755,119.87,7962.0,1
2025-02-21 00:00:00,M-054,Plant_B,Lathe,5.9,87.2,77.37,88.99,4.021,120.12,12554.4,0
2025-05-27 12:00:00,M-054,Plant_B,Lathe,5.9,87.2,88.35,83.03,4.083,118.37,7743.7,0
2025-07-01 12:00:00,M-054,Plant_B,Lathe,5.9,87.2,85.79,79.36,4.201,118.66,20736.5,0
2025-08-21 12:00:00,M-054,Plant_B,Lathe,5.9,87.2,87.4,74.76,4.901,111.42,16045.8,1
2025-09-15 12:00:00,M-054,Plant_B,Lathe,5.9,87.2,100.0,90.57,4.489,115.29,6909.6,0
2025-11-05 00:00:00,M-054,Plant_B,Lathe,5.9,87.2,92.62,76.9,4.151,124.84,9526.1,0
2025-11-19 00:00:00,M-054,Plant_B,Lathe,5.9,87.2,84.16,75.65,3.743,117.34,18437.4,1
2026-01-20 00:00:00,M-054,Plant_B,Lathe,5.9,87.2,96.3,74.32,4.279,121.32,21391.3,0
2026-02-01 00:00:00,M-054,Plant_B,Lathe,5.9,87.2,93.84,81.53,3.834,116.55,18921.7,0
2026-02-04 00:00:00,M-054,Plant_B,Lathe,5.9,87.2,100.0,86.17,4.282,116.62,11683.8,1
2026-03-11 00:00:00,M-054,Plant_B,Lathe,5.9,87.2,88.45,81.68,3.629,114.17,16039.6,0
2026-03-12 12:00:00,M-054,Plant_B,Lathe,5.9,87.2,100.0,83.14,4.609,117.74,8336.2,1
2026-03-30 00:00:00,M-054,Plant_B,Lathe,5.9,87.2,95.81,83.21,4.154,118.28,5530.8,1
2026-04-13 00:00:00,M-054,Plant_B,Lathe,5.9,87.2,96.89,78.54,3.916,118.8,10129.9,0
2026-04-30 00:00:00,M-054,Plant_B,Lathe,5.9,87.2,81.57,69.46,3.958,111.26,17608.7,1
2026-05-24 12:00:00,M-054,Plant_B,Lathe,5.9,87.2,78.18,72.86,3.628,114.45,6547.0,0
2026-05-26 00:00:00,M-054,Plant_B,Lathe,5.9,87.2,100.0,83.66,4.494,115.83,4197.9,1
2026-07-11 12:00:00,M-054,Plant_B,Lathe,5.9,87.2,96.28,80.34,3.979,114.97,16346.0,0
2026-07-23 12:00:00,M-054,Plant_B,Lathe,5.9,87.2,88.08,78.04,4.552,115.8,17115.8,0
2026-08-28 12:00:00,M-054,Plant_B,Lathe,5.9,87.2,68.25,80.78,3.802,111.07,8344.7,0
2025-01-31 00:00:00,M-055,Plant_B,Compressor,9.3,83.6,81.43,82.71,4.563,119.02,11331.8,1
2025-02-25 00:00:00,M-055,Plant_B,Compressor,9.3,83.6,87.82,87.28,4.088,117.72,11789.1,1
2025-04-04 00:00:00,M-055,Plant_B,Compressor,9.3,83.6,77.18,71.24,4.28,117.13,2455.1,1
2025-04-13 12:00:00,M-055,Plant_B,Compressor,9.3,83.6,100.0,90.24,4.467,122.32,12031.3,0
2025-04-16 00:00:00,M-055,Plant_B,Compressor,9.3,83.6,81.84,86.53,4.817,120.45,16050.7,1
2025-05-01 00:00:00,M-055,Plant_B,Compressor,9.3,83.6,75.13,77.89,4.443,117.34,18324.6,0
2025-07-30 00:00:00,M-055,Plant_B,Compressor,9.3,83.6,95.03,86.11,4.363,122.55,4502.5,1
2025-08-27 12:00:00,M-055,Plant_B,Compressor,9.3,83.6,89.45,87.34,4.676,120.11,1221.7,0
2025-10-02 00:00:00,M-055,Plant_B,Compressor,9.3,83.6,92.3,77.81,4.944,116.79,18765.4,1
2025-11-02 12:00:00,M-055,Plant_B,Compressor,9.3,83.6,78.0,89.57,4.12,114.25,11989.3,1
2025-11-20 12:00:00,M-055,Plant_B,Compressor,9.3,83.6,81.24,83.51,4.461,116.56,20789.4,1
2026-04-03 12:00:00,M-055,Plant_B,Compressor,9.3,83.6,82.89,83.8,4.583,112.35,3232.8,0
2026-05-25 00:00:00,M-055,Plant_B,Compressor,9.3,83.6,64.98,72.22,3.68,111.23,5922.4,1
2026-06-25 12:00:00,M-055,Plant_B,Compressor,9.3,83.6,76.38,73.72,4.818,109.59,13991.9,0
2025-01-03 12:00:00,M-056,Plant_A,Press,1.3,84.6,84.74,74.05,3.054,112.85,19063.8,0
2025-02-26 12:00:00,M-056,Plant_A,Press,1.3,84.6,78.78,76.43,3.434,110.65,3929.8,0
2025-04-03 12:00:00,M-056,Plant_A,Press,1.3,84.6,86.26,78.92,4.032,113.49,1376.2,1
2025-05-09 12:00:00,M-056,Plant_A,Press,1.3,84.6,93.99,79.5,4.776,112.05,11280.0,0
2025-06-10 12:00:00,M-056,Plant_A,Press,1.3,84.6,57.2,74.58,3.127,108.44,18934.9,1
2025-11-26 12:00:00,M-056,Plant_A,Press,1.3,84.6,73.82,86.46,3.543,119.74,2439.2,1
2025-12-23 00:00:00,M-056,Plant_A,Press,1.3,84.6,74.42,78.79,2.473,110.0,19581.5,0
2026-02-16 12:00:00,M-056,Plant_A,Press,1.3,84.6,82.64,78.07,2.912,114.27,18231.8,1
2026-02-19 00:00:00,M-056,Plant_A,Press,1.3,84.6,95.33,87.58,3.81,118.59,1342.7,1
2026-05-22 00:00:00,M-056,Plant_A,Press,1.3,84.6,72.68,83.38,3.931,105.61,18148.6,1
2026-05-30 00:00:00,M-056,Plant_A,Press,1.3,84.6,89.28,85.28,4.331,119.19,11378.8,1
2025-03-04 12:00:00,M-057,Plant_C,Lathe,14.4,60.2,54.78,65.97,4.806,109.85,6145.2,1
2025-03-09 00:00:00,M-057,Plant_C,Lathe,14.4,60.2,52.11,81.1,3.861,110.55,16640.1,0
2025-04-18 12:00:00,M-057,Plant_C,Lathe,14.4,60.2,73.98,78.15,4.694,111.76,9626.7,0
2025-04-18 12:00:00,M-057,Plant_C,Lathe,14.4,60.2,49.34,91.04,3.937,105.66,16417.8,1
2025-05-29 00:00:00,M-057,Plant_C,Lathe,14.4,60.2,57.39,79.18,4.251,111.66,20035.3,0
2025-08-22 12:00:00,M-057,Plant_C,Lathe,14.4,60.2,65.21,81.15,4.253,115.16,20451.6,1
2025-09-25 00:00:00,M-057,Plant_C,Lathe,14.4,60.2,58.45,72.3,4.086,111.47,15452.0,1
2025-10-01 00:00:00,M-057,Plant_C,Lathe,14.4,60.2,64.49,76.34,4.249,113.42,19172.8,1
2025-11-18 00:00:00,M-057,Plant_C,Lathe,14.4,60.2,56.94,78.19,4.264,114.31,14617.7,1
2025-12-28 00:00:00,M-057,Plant_C,Lathe,14.4,60.2,65.99,72.52,4.695,113.19,17356.3,0
2025-12-29 12:00:00,M-057,Plant_C,Lathe,14.4,60.2,68.63,86.18,4.33,118.04,1685.1,1
2026-01-10 12:00:00,M-057,Plant_C,Lathe,14.4,60.2,59.68,78.68,4.603,104.49,1310.3,1
2026-03-07 12:00:00,M-057,Plant_C,Lathe,14.4,60.2,53.28,72.4,4.105,116.21,20972.1,1
2026-04-13 12:00:00,M-057,Plant_C,Lathe,14.4,60.2,54.34,72.69,3.389,116.93,7051.3,0
2026-04-18 00:00:00,M-057,Plant_C,Lathe,14.4,60.2,39.21,75.9,3.561,110.22,2812.2,0
2026-05-03 12:00:00,M-057,Plant_C,Lathe,14.4,60.2,68.25,82.06,5.28,113.81,9823.8,0
2026-05-12 00:00:00,M-057,Plant_C,Lathe,14.4,60.2,69.96,79.67,4.356,106.8,20756.9,1
2026-06-02 12:00:00,M-057,Plant_C,Lathe,14.4,60.2,50.09,69.43,3.563,110.94,10487.0,0
2026-08-22 00:00:00,M-057,Plant_C,Lathe,14.4,60.2,62.56,82.98,4.705,109.32,10134.5,1
2025-01-18 12:00:00,M-058,Plant_A,CNC,7.8,60.0,40.84,73.31,2.862,105.82,15591.5,0
2025-02-22 00:00:00,M-058,Plant_A,CNC,7.8,60.0,59.68,69.97,2.997,112.68,13334.7,1
2025-02-24 12:00:00,M-058,Plant_A,CNC,7.8,60.0,66.26,76.46,3.349,111.59,3822.1,0
2025-04-14 00:00:00,M-058,Plant_A,CNC,7.8,60.0,63.59,82.56,3.919,106.28,17940.3,0
2025-06-20 12:00:00,M-058,Plant_A,CNC,7.8,60.0,47.43,75.96,3.601,114.45,4828.2,1
2025-06-25 12:00:00,M-058,Plant_A,CNC,7.8,60.0,35.0,81.36,3.277,105.63,16508.6,0
2025-06-30 00:00:00,M-058,Plant_A,CNC,7.8,60.0,72.87,80.26,4.163,116.42,17225.7,0
2025-08-08 00:00:00,M-058,Plant_A,CNC,7.8,60.0,73.69,75.62,3.411,117.93,9220.5,0
2025-08-23 12:00:00,M-058,Plant_A,CNC,7.8,60.0,51.38,73.04,3.708,104.9,17443.2,0
2025-10-10 00:00:00,M-058,Plant_A,CNC,7.8,60.0,56.87,85.73,4.555,114.04,20385.7,0
2025-11-14 00:00:00,M-058,Plant_A,CNC,7.8,60.0,62.87,73.13,4.372,108.7,10987.6,1
2025-11-21 12:00:00,M-058,Plant_A,CNC,7.8,60.0,54.14,79.38,3.502,112.68,12094.2,1
2025-11-25 00:00:00,M-058,Plant_A,CNC,7.8,60.0,61.83,72.13,4.126,109.35,19906.1,1
2025-12-30 12:00:00,M-058,Plant_A,CNC,7.8,60.0,39.62,70.22,3.818,109.82,9829.4,0
2026-01-30 12:00:00,M-058,Plant_A,CNC,7.8,60.0,64.69,78.89,3.841,115.03,4180.5,1
2026-08-09 00:00:00,M-058,Plant_A,CNC,7.8,60.0,53.1,71.97,3.559,100.81,10990.8,1
2026-08-19 12:00:00,M-058,Plant_A,CNC,7.8,60.0,69.54,79.5,3.8,118.63,2679.6,1
2025-03-02 00:00:00,M-059,Plant_C,Press,12.0,92.1,99.91,75.12,4.675,120.78,6515.4,0
2025-03-18 00:00:00,M-059,Plant_C,Press,12.0,92.1,97.94,85.97,4.509,120.62,10105.1,1
2025-03-22 00:00:00,M-059,Plant_C,Press,12.0,92.1,100.0,77.92,5.106,110.22,15012.9,1
2025-04-10 12:00:00,M-059,Plant_C,Press,12.0,92.1,95.52,89.45,4.447,116.87,14671.4,1
2025-07-23 00:00:00,M-059,Plant_C,Press,12.0,92.1,96.52,87.7,4.593,115.51,13147.6,1
2025-08-28 12:00:00,M-059,Plant_C,Press,12.0,92.1,100.0,93.46,4.732,120.06,19221.4,1
2025-09-26 12:00:00,M-059,Plant_C,Press,12.0,92.1,96.99,79.75,4.697,110.94,1075.1,0
2025-10-13 12:00:00,M-059,Plant_C,Press,12.0,92.1,100.0,85.99,4.122,122.57,9092.1,0
2025-10-17 12:00:00,M-059,Plant_C,Press,12.0,92.1,100.0,82.13,4.514,114.78,17203.8,0
2025-11-02 12:00:00,M-059,Plant_C,Press,12.0,92.1,75.63,78.27,3.88,111.22,3043.3,1
2025-11-09 12:00:00,M-059,Plant_C,Press,12.0,92.1,87.25,85.69,4.371,119.57,10921.7,0
2025-12-04 00:00:00,M-059,Plant_C,Press,12.0,92.1,96.64,78.8,5.105,114.59,20919.5,1
2026-01-02 12:00:00,M-059,Plant_C,Press,12.0,92.1,84.87,81.54,3.961,114.94,5151.3,1
2026-04-27 00:00:00,M-059,Plant_C,Press,12.0,92.1,100.0,87.04,4.967,119.08,13425.1,1
2026-06-07 12:00:00,M-059,Plant_C,Press,12.0,92.1,92.41,83.23,4.602,112.05,540.3,1
2026-07-24 12:00:00,M-059,Plant_C,Press,12.0,92.1,75.93,81.56,3.836,111.98,14058.5,0
2026-07-26 00:00:00,M-059,Plant_C,Press,12.0,92.1,87.74,74.28,3.949,114.89,16040.8,1
2025-01-09 12:00:00,M-060,Plant_C,Press,2.2,70.9,70.53,75.13,3.642,117.7,21349.6,0
2025-01-12 00:00:00,M-060,Plant_C,Press,2.2,70.9,85.0,62.7,3.94,117.14,17931.5,1
2025-04-23 12:00:00,M-060,Plant_C,Press,2.2,70.9,69.65,63.12,3.442,109.58,3079.0,1
2025-05-06 12:00:00,M-060,Plant_C,Press,2.2,70.9,61.09,67.17,3.796,112.08,8574.6,1
2025-06-14 00:00:00,M-060,Plant_C,Press,2.2,70.9,64.87,69.91,2.823,120.62,9651.5,1
2025-07-03 12:00:00,M-060,Plant_C,Press,2.2,70.9,85.7,79.11,2.975,111.93,18664.3,1
2025-07-13 12:00:00,M-060,Plant_C,Press,2.2,70.9,61.89,83.54,2.897,114.88,16928.9,0
2025-08-24 12:00:00,M-060,Plant_C,Press,2.2,70.9,67.97,70.17,3.384,114.69,13352.2,0
2025-09-03 12:00:00,M-060,Plant_C,Press,2.2,70.9,61.03,72.01,3.138,108.58,11610.6,0
2025-09-06 12:00:00,M-060,Plant_C,Press,2.2,70.9,70.81,77.43,3.711,112.06,15561.7,0
2025-09-10 12:00:00,M-060,Plant_C,Press,2.2,70.9,60.26,77.28,2.919,115.1,1863.6,1
2025-10-15 00:00:00,M-060,Plant_C,Press,2.2,70.9,67.42,76.76,2.844,115.08,5430.8,0
2025-10-17 00:00:00,M-060,Plant_C,Press,2.2,70.9,70.64,78.37,2.893,114.95,18307.9,0
2025-11-10 00:00:00,M-060,Plant_C,Press,2.2,70.9,71.98,77.95,3.937,112.18,11923.9,0
2025-11-10 00:00:00,M-060,Plant_C,Press,2.2,70.9,71.69,64.91,3.171,117.73,21504.5,0
2025-12-07 00:00:00,M-060,Plant_C,Press,2.2,70.9,59.78,79.01,3.137,104.57,5764.7,0
2026-02-05 12:00:00,M-060,Plant_C,Press,2.2,70.9,75.76,73.16,3.981,121.74,716.6,0
2026-03-03 12:00:00,M-060,Plant_C,Press,2.2,70.9,76.34,79.54,3.298,110.99,13210.8,0
2026-03-08 00:00:00,M-060,Plant_C,Press,2.2,70.9,81.11,74.53,3.241,114.08,17006.8,0
2026-04-02 12:00:00,M-060,Plant_C,Press,2.2,70.9,86.35,82.32,4.026,114.7,5327.4,0
2026-04-23 00:00:00,M-060,Plant_C,Press,2.2,70.9,73.85,69.33,3.44,113.5,6618.5,0
2026-07-03 00:00:00,M-060,Plant_C,Press,2.2,70.9,62.58,73.63,3.535,111.1,4805.0,0
2026-07-23 00:00:00,M-060,Plant_C,Press,2.2,70.9,66.24,82.76,3.565,110.92,1097.4,1
2026-07-29 12:00:00,M-060,Plant_C,Press,2.2,70.9,82.79,81.6,3.528,117.66,3991.0,1
2026-08-06 12:00:00,M-060,Plant_C,Press,2.2,70.9,68.64,79.09,2.751,110.95,669.8,0
2026-08-12 00:00:00,M-060,Plant_C,Press,2.2,70.9,79.84,76.93,2.842,116.44,21979.8,0
2025-01-08 12:00:00,M-061,Plant_D,Compressor,7.8,67.0,54.9,72.81,3.909,109.57,7937.2,0
2025-02-01 00:00:00,M-061,Plant_D,Compressor,7.8,67.0,84.53,79.05,4.116,116.07,16948.6,0
2025-03-19 12:00:00,M-061,Plant_D,Compressor,7.8,67.0,64.3,78.28,3.436,107.78,9321.0,1
2025-03-31 12:00:00,M-061,Plant_D,Compressor,7.8,67.0,76.65,78.57,3.476,112.15,15309.5,1
2025-05-14 00:00:00,M-061,Plant_D,Compressor,7.8,67.0,66.02,77.53,4.148,114.63,17179.7,1
2025-07-11 00:00:00,M-061,Plant_D,Compressor,7.8,67.0,69.73,75.13,4.053,118.78,20359.1,1
2025-08-08 00:00:00,M-061,Plant_D,Compressor,7.8,67.0,57.85,75.54,4.357,112.37,3419.1,0
2025-08-16 12:00:00,M-061,Plant_D,Compressor,7.8,67.0,73.89,64.78,4.696,115.48,16015.2,1
2025-09-20 00:00:00,M-061,Plant_D,Compressor,7.8,67.0,60.66,82.79,3.142,111.99,8160.9,1
2025-12-02 12:00:00,M-061,Plant_D,Compressor,7.8,67.0,66.66,71.49,3.867,109.93,14953.9,0
2026-01-23 00:00:00,M-061,Plant_D,Compressor,7.8,67.0,68.52,74.83,4.638,119.44,5347.9,1
2026-01-29 00:00:00,M-061,Plant_D,Compressor,7.8,67.0,64.39,81.6,2.962,110.32,2116.8,0
2026-02-09 00:00:00,M-061,Plant_D,Compressor,7.8,67.0,69.49,74.8,4.153,110.8,7706.0,0
2026-02-16 12:00:00,M-061,Plant_D,Compressor,7.8,67.0,72.39,77.63,2.935,115.24,12300.7,1
2026-02-24 12:00:00,M-061,Plant_D,Compressor,7.8,67.0,45.07,76.93,3.296,109.55,12467.7,1
2026-05-25 12:00:00,M-061,Plant_D,Compressor,7.8,67.0,80.05,77.75,4.668,110.42,5345.8,1
2026-06-09 12:00:00,M-061,Plant_D,Compressor,7.8,67.0,70.94,80.66,3.195,114.77,12697.8,0
2026-07-14 12:00:00,M-061,Plant_D,Compressor,7.8,67.0,71.19,79.16,4.143,115.67,16565.4,0
2026-07-17 12:00:00,M-061,Plant_D,Compressor,7.8,67.0,66.93,74.99,4.415,113.26,2409.4,0
2026-07-21 12:00:00,M-061,Plant_D,Compressor,7.8,67.0,60.79,75.77,3.531,117.11,5818.9,0
2026-08-07 00:00:00,M-061,Plant_D,Compressor,7.8,67.0,61.66,73.98,4.292,109.57,11524.4,0
2026-08-18 12:00:00,M-061,Plant_D,Compressor,7.8,67.0,78.78,70.8,3.845,110.6,16829.6,0
2026-08-19 00:00:00,M-061,Plant_D,Compressor,7.8,67.0,88.86,81.9,4.576,114.75,20932.3,0
2025-01-19 00:00:00,M-062,Plant_C,CNC,7.9,74.5,65.73,73.95,3.684,118.21,11257.0,0
2025-01-30 12:00:00,M-062,Plant_C,CNC,7.9,74.5,58.89,75.81,3.189,117.29,15738.5,0
2025-03-14 12:00:00,M-062,Plant_C,CNC,7.9,74.5,64.99,82.05,3.794,110.79,8926.9,0
2025-03-31 12:00:00,M-062,Plant_C,CNC,7.9,74.5,58.7,71.7,3.436,111.9,17347.2,0
2025-04-05 12:00:00,M-062,Plant_C,CNC,7.9,74.5,65.06,80.27,3.851,118.84,6303.3,1
2025-05-01 00:00:00,M-062,Plant_C,CNC,7.9,74.5,69.28,74.79,3.628,116.27,21524.7,1
2025-05-11 12:00:00,M-062,Plant_C,CNC,7.9,74.5,73.37,66.08,4.431,111.1,5376.7,0
2025-05-19 12:00:00,M-062,Plant_C,CNC,7.9,74.5,92.92,82.34,4.336,117.23,9973.1,0
2025-05-21 00:00:00,M-062,Plant_C,CNC,7.9,74.5,65.6,77.63,4.198,113.68,19360.6,1
2025-06-16 12:00:00,M-062,Plant_C,CNC,7.9,74.5,71.21,78.6,4.238,117.32,15190.5,0
2025-07-28 12:00:00,M-062,Plant_C,CNC,7.9,74.5,74.23,74.46,3.745,110.57,1732.8,1
2025-08-06 00:00:00,M-062,Plant_C,CNC,7.9,74.5,75.38,80.96,3.474,113.41,9539.9,0
2025-08-15 12:00:00,M-062,Plant_C,CNC,7.9,74.5,84.75,73.96,4.264,114.3,20531.6,1
2025-09-25 00:00:00,M-062,Plant_C,CNC,7.9,74.5,66.54,73.92,4.105,114.95,3510.1,0
2025-10-09 00:00:00,M-062,Plant_C,CNC,7.9,74.5,68.67,79.05,4.036,117.13,15439.5,0
2025-11-19 12:00:00,M-062,Plant_C,CNC,7.9,74.5,82.19,78.98,4.494,111.05,14600.0,1
2025-12-31 00:00:00,M-062,Plant_C,CNC,7.9,74.5,75.64,77.52,3.774,115.48,10793.1,1
2026-01-08 12:00:00,M-062,Plant_C,CNC,7.9,74.5,82.14,76.94,4.338,118.56,17406.8,1
2026-01-14 00:00:00,M-062,Plant_C,CNC,7.9,74.5,78.92,82.04,4.038,113.72,17628.9,0
2026-01-23 12:00:00,M-062,Plant_C,CNC,7.9,74.5,55.52,72.59,4.007,107.79,15655.9,1
2026-02-22 12:00:00,M-062,Plant_C,CNC,7.9,74.5,79.54,80.65,4.206,116.1,20255.5,1
2026-03-16 00:00:00,M-062,Plant_C,CNC,7.9,74.5,78.42,91.34,4.372,121.13,14693.3,1
2026-05-16 00:00:00,M-062,Plant_C,CNC,7.9,74.5,60.43,81.07,3.472,111.47,14069.6,1
2026-05-17 12:00:00,M-062,Plant_C,CNC,7.9,74.5,92.81,80.67,3.908,120.06,7060.8,1
2026-06-29 12:00:00,M-062,Plant_C,CNC,7.9,74.5,67.72,73.2,3.385,117.45,916.4,1
2026-08-02 12:00:00,M-062,Plant_C,CNC,7.9,74.5,82.86,83.45,4.248,117.04,19726.0,1
2026-08-09 00:00:00,M-062,Plant_C,CNC,7.9,74.5,82.9,86.38,4.058,113.68,5448.3,0
2026-08-27 00:00:00,M-062,Plant_C,CNC,7.9,74.5,90.93,86.42,4.855,113.82,21009.6,1
2025-01-11 00:00:00,M-063,Plant_B,Press,14.1,81.5,77.49,75.35,4.475,114.21,2405.2,1
2025-03-02 12:00:00,M-063,Plant_B,Press,14.1,81.5,80.34,87.1,5.244,112.59,13576.5,0
2025-05-06 12:00:00,M-063,Plant_B,Press,14.1,81.5,75.73,72.42,4.555,109.94,777.9,0
2025-07-17 12:00:00,M-063,Plant_B,Press,14.1,81.5,89.85,79.5,4.689,113.84,12754.7,1
2025-07-26 00:00:00,M-063,Plant_B,Press,14.1,81.5,94.78,87.58,4.396,111.75,9632.3,0
2025-09-08 12:00:00,M-063,Plant_B,Press,14.1,81.5,61.97,67.11,4.517,103.69,11253.5,1
2025-12-04 00:00:00,M-063,Plant_B,Press,14.1,81.5,96.23,84.63,4.841,111.72,3943.8,0
2025-12-06 00:00:00,M-063,Plant_B,Press,14.1,81.5,85.55,79.08,5.167,111.26,19151.8,0
2026-01-01 00:00:00,M-063,Plant_B,Press,14.1,81.5,77.98,83.56,4.688,112.9,12483.8,1
2026-01-08 12:00:00,M-063,Plant_B,Press,14.1,81.5,84.05,81.67,4.359,115.79,17774.9,0
2026-02-01 12:00:00,M-063,Plant_B,Press,14.1,81.5,80.54,76.21,4.117,119.06,13624.5,0
2026-03-13 12:00:00,M-063,Plant_B,Press,14.1,81.5,78.6,93.69,4.561,110.13,16425.3,1
2026-04-21 12:00:00,M-063,Plant_B,Press,14.1,81.5,94.1,91.47,5.219,116.33,3639.7,1
2026-05-12 00:00:00,M-063,Plant_B,Press,14.1,81.5,77.5,75.39,4.436,122.98,5606.1,0
2026-05-14 00:00:00,M-063,Plant_B,Press,14.1,81.5,87.83,85.7,4.596,117.13,9068.7,1
2026-06-04 00:00:00,M-063,Plant_B,Press,14.1,81.5,82.18,81.46,4.717,114.4,19568.7,1
2026-07-16 00:00:00,M-063,Plant_B,Press,14.1,81.5,95.72,85.67,4.121,114.96,15710.8,1
2026-08-06 12:00:00,M-063,Plant_B,Press,14.1,81.5,76.19,71.77,4.289,108.66,9325.7,0
2025-04-19 00:00:00,M-064,Plant_D,Press,9.0,93.2,91.14,85.79,3.917,111.32,1750.6,1
2025-05-03 12:00:00,M-064,Plant_D,Press,9.0,93.2,95.55,84.48,4.638,118.55,9191.0,0
2025-06-22 12:00:00,M-064,Plant_D,Press,9.0,93.2,75.2,80.47,5.186,116.93,18988.0,0
2025-07-28 12:00:00,M-064,Plant_D,Press,9.0,93.2,94.52,80.42,4.3,111.41,17479.6,1
2025-08-22 12:00:00,M-064,Plant_D,Press,9.0,93.2,100.0,78.75,4.431,115.23,879.5,0
2025-09-01 00:00:00,M-064,Plant_D,Press,9.0,93.2,82.3,74.83,4.034,118.24,849.9,0
2025-10-13 00:00:00,M-064,Plant_D,Press,9.0,93.2,85.75,88.13,4.226,109.82,8926.4,0
2025-11-19 00:00:00,M-064,Plant_D,Press,9.0,93.2,89.28,80.55,4.636,118.95,636.8,1
2025-11-22 12:00:00,M-064,Plant_D,Press,9.0,93.2,82.26,76.32,4.261,120.18,8362.2,1
2025-12-14 12:00:00,M-064,Plant_D,Press,9.0,93.2,100.0,86.83,5.054,118.94,19602.9,0
2026-01-12 00:00:00,M-064,Plant_D,Press,9.0,93.2,93.85,94.18,4.006,119.5,5355.8,1
2026-02-15 00:00:00,M-064,Plant_D,Press,9.0,93.2,87.06,77.71,4.342,117.56,6541.0,0
2026-02-19 12:00:00,M-064,Plant_D,Press,9.0,93.2,100.0,83.64,4.301,118.65,15440.9,0
2026-02-21 12:00:00,M-064,Plant_D,Press,9.0,93.2,93.76,78.31,4.977,118.69,14467.5,0
2026-03-18 12:00:00,M-064,Plant_D,Press,9.0,93.2,99.11,83.03,4.308,124.03,1893.4,1
2026-03-22 12:00:00,M-064,Plant_D,Press,9.0,93.2,90.08,81.84,3.705,120.31,10207.6,0
2026-04-10 12:00:00,M-064,Plant_D,Press,9.0,93.2,100.0,79.24,4.653,115.11,4379.3,1
2026-04-11 12:00:00,M-064,Plant_D,Press,9.0,93.2,90.13,85.3,4.31,123.06,17753.9,0
2026-05-13 00:00:00,M-064,Plant_D,Press,9.0,93.2,85.54,83.16,4.069,117.42,8099.1,0
2026-05-19 00:00:00,M-064,Plant_D,Press,9.0,93.2,100.0,81.41,4.324,116.77,16588.8,0
2026-05-26 12:00:00,M-064,Plant_D,Press,9.0,93.2,91.9,80.82,4.579,115.01,2885.1,0
2026-06-19 00:00:00,M-064,Plant_D,Press,9.0,93.2,87.33,77.83,4.208,115.42,3838.4,1
2026-07-13 00:00:00,M-064,Plant_D,Press,9.0,93.2,86.55,81.24,4.55,116.98,6576.0,0
2026-08-15 00:00:00,M-064,Plant_D,Press,9.0,93.2,85.35,84.08,4.2,112.83,18844.4,1
2025-03-20 12:00:00,M-065,Plant_B,Compressor,7.6,66.5,72.01,79.6,4.219,113.73,5099.3,0
2025-04-08 12:00:00,M-065,Plant_B,Compressor,7.6,66.5,49.88,80.99,2.571,113.6,10148.0,0
2025-06-03 12:00:00,M-065,Plant_B,Compressor,7.6,66.5,53.85,77.58,3.71,112.69,16179.2,0
2025-06-22 00:00:00,M-065,Plant_B,Compressor,7.6,66.5,60.65,70.91,3.259,110.44,11898.0,0
2025-06-29 00:00:00,M-065,Plant_B,Compressor,7.6,66.5,53.81,77.57,3.677,111.92,3513.7,1
2025-07-01 00:00:00,M-065,Plant_B,Compressor,7.6,66.5,70.13,77.56,4.149,113.11,1527.3,1
2025-07-30 12:00:00,M-065,Plant_B,Compressor,7.6,66.5,67.96,73.59,4.417,113.92,14524.3,1
2025-09-01 12:00:00,M-065,Plant_B,Compressor,7.6,66.5,66.42,82.66,3.899,112.17,21845.6,0
2025-09-17 00:00:00,M-065,Plant_B,Compressor,7.6,66.5,62.56,70.18,3.978,114.91,7960.9,0
2025-09-26 12:00:00,M-065,Plant_B,Compressor,7.6,66.5,78.16,74.67,4.071,117.87,8905.6,1
2025-11-06 00:00:00,M-065,Plant_B,Compressor,7.6,66.5,76.3,76.87,4.432,112.03,13107.6,1
2025-11-21 00:00:00,M-065,Plant_B,Compressor,7.6,66.5,90.43,88.27,4.223,115.88,5696.1,1
2025-11-22 12:00:00,M-065,Plant_B,Compressor,7.6,66.5,48.22,76.39,3.49,108.54,17562.0,0
2025-12-04 12:00:00,M-065,Plant_B,Compressor,7.6,66.5,60.06,72.22,3.79,108.66,14309.0,1
2026-01-01 00:00:00,M-065,Plant_B,Compressor,7.6,66.5,66.63,83.69,3.621,116.63,14137.9,0
2026-03-02 00:00:00,M-065,Plant_B,Compressor,7.6,66.5,50.68,73.31,2.959,113.08,13216.8,0
2026-03-17 12:00:00,M-065,Plant_B,Compressor,7.6,66.5,66.49,82.99,3.856,118.15,17858.9,1
2026-04-03 12:00:00,M-065,Plant_B,Compressor,7.6,66.5,66.49,84.98,3.954,112.78,19423.3,1
2026-04-12 12:00:00,M-065,Plant_B,Compressor,7.6,66.5,64.95,73.09,3.685,116.75,17436.8,1
2026-08-08 00:00:00,M-065,Plant_B,Compressor,7.6,66.5,76.37,75.65,4.249,111.96,9912.4,1
2026-08-22 00:00:00,M-065,Plant_B,Compressor,7.6,66.5,72.27,74.72,3.971,115.92,15489.6,0
2025-01-02 00:00:00,M-066,Plant_B,Compressor,4.7,92.0,97.6,81.54,4.211,116.66,19061.7,0
2025-02-04 12:00:00,M-066,Plant_B,Compressor,4.7,92.0,99.49,89.73,4.849,115.27,6189.3,1
2025-03-06 12:00:00,M-066,Plant_B,Compressor,4.7,92.0,80.12,86.07,4.382,120.19,8539.4,1
2025-03-13 00:00:00,M-066,Plant_B,Compressor,4.7,92.0,100.0,73.87,4.473,123.21,21776.7,1
2025-04-24 00:00:00,M-066,Plant_B,Compressor,4.7,92.0,96.5,79.17,4.573,116.4,21673.7,1
2025-07-22 12:00:00,M-066,Plant_B,Compressor,4.7,92.0,100.0,85.91,4.774,116.94,3073.0,1
2025-08-28 00:00:00,M-066,Plant_B,Compressor,4.7,92.0,84.14,73.41,3.976,115.51,5040.3,1
2025-10-06 12:00:00,M-066,Plant_B,Compressor,4.7,92.0,96.85,76.24,3.592,115.99,12445.9,0
2025-12-27 12:00:00,M-066,Plant_B,Compressor,4.7,92.0,96.34,74.04,3.783,116.13,21739.7,1
2025-12-27 12:00:00,M-066,Plant_B,Compressor,4.7,92.0,79.27,77.22,4.133,116.44,11486.5,1
2026-01-01 12:00:00,M-066,Plant_B,Compressor,4.7,92.0,79.41,73.24,4.147,111.68,9229.6,1
2026-04-16 00:00:00,M-066,Plant_B,Compressor,4.7,92.0,93.02,87.23,4.164,105.44,14364.6,0
2026-04-27 12:00:00,M-066,Plant_B,Compressor,4.7,92.0,80.06,80.81,3.72,108.84,6584.9,1
2026-05-03 00:00:00,M-066,Plant_B,Compressor,4.7,92.0,84.2,81.35,3.826,119.27,11869.5,1
2026-06-29 12:00:00,M-066,Plant_B,Compressor,4.7,92.0,95.93,89.3,4.255,114.71,2538.7,1
2026-07-07 00:00:00,M-066,Plant_B,Compressor,4.7,92.0,100.0,82.79,3.791,110.47,16594.7,1
2026-07-20 12:00:00,M-066,Plant_B,Compressor,4.7,92.0,100.0,79.81,3.857,117.71,16715.7,1
2026-08-23 00:00:00,M-066,Plant_B,Compressor,4.7,92.0,91.05,73.97,3.684,115.48,6015.8,0
2025-01-05 00:00:00,M-067,Plant_D,CNC,5.6,56.0,68.18,74.47,3.327,113.02,16175.0,0
2025-01-19 00:00:00,M-067,Plant_D,CNC,5.6,56.0,51.91,69.8,3.49,111.55,13949.1,0
2025-01-29 00:00:00,M-067,Plant_D,CNC,5.6,56.0,44.66,73.8,2.597,107.79,10496.3,0
2025-02-14 00:00:00,M-067,Plant_D,CNC,5.6,56.0,39.72,66.34,3.052,115.05,19917.6,1
2025-03-19 00:00:00,M-067,Plant_D,CNC,5.6,56.0,54.68,76.63,3.766,102.92,6413.3,1
2025-05-07 00:00:00,M-067,Plant_D,CNC,5.6,56.0,52.3,72.2,3.382,110.17,2543.6,0
2025-06-24 12:00:00,M-067,Plant_D,CNC,5.6,56.0,52.74,76.46,3.774,109.49,12267.5,0
2025-06-24 12:00:00,M-067,Plant_D,CNC,5.6,56.0,49.84,76.68,3.969,114.79,2712.4,0
2025-06-28 00:00:00,M-067,Plant_D,CNC,5.6,56.0,49.06,77.63,3.759,105.78,15596.4,0
2025-06-29 12:00:00,M-067,Plant_D,CNC,5.6,56.0,56.85,70.83,3.696,106.69,11976.3,1
2025-07-13 12:00:00,M-067,Plant_D,CNC,5.6,56.0,66.96,65.22,3.632,116.04,15668.6,1
2025-07-19 00:00:00,M-067,Plant_D,CNC,5.6,56.0,57.64,77.92,3.467,115.01,5742.4,0
2025-07-28 00:00:00,M-067,Plant_D,CNC,5.6,56.0,41.32,70.59,3.04,105.45,1262.3,0
2025-08-27 12:00:00,M-067,Plant_D,CNC,5.6,56.0,61.46,71.35,3.626,106.68,4163.5,0
2025-09-28 00:00:00,M-067,Plant_D,CNC,5.6,56.0,46.36,73.99,3.342,104.01,17128.1,1
2025-09-30 00:00:00,M-067,Plant_D,CNC,5.6,56.0,50.52,75.23,3.143,111.23,21357.5,1
2025-11-13 00:00:00,M-067,Plant_D,CNC,5.6,56.0,35.0,70.32,3.022,109.0,10600.7,0
2025-12-02 12:00:00,M-067,Plant_D,CNC,5.6,56.0,49.92,81.87,3.891,109.61,9926.0,1
2025-12-03 00:00:00,M-067,Plant_D,CNC,5.6,56.0,47.35,79.4,3.459,116.62,13942.9,0
2026-01-22 00:00:00,M-067,Plant_D,CNC,5.6,56.0,49.39,74.41,3.861,114.22,11061.7,0
2026-01-30 12:00:00,M-067,Plant_D,CNC,5.6,56.0,59.19,71.25,3.624,111.43,14250.0,1
2026-04-20 12:00:00,M-067,Plant_D,CNC,5.6,56.0,61.55,75.27,3.799,117.3,11098.7,0
2026-05-02 12:00:00,M-067,Plant_D,CNC,5.6,56.0,51.48,78.07,3.463,109.51,1587.8,1
2026-05-17 00:00:00,M-067,Plant_D,CNC,5.6,56.0,63.41,70.28,3.972,107.77,18786.6,1
2026-06-01 00:00:00,M-067,Plant_D,CNC,5.6,56.0,48.17,78.06,3.369,108.61,3881.0,0
2025-01-09 12:00:00,M-068,Plant_B,CNC,8.3,77.2,66.44,80.65,3.571,115.45,3451.8,1
2025-02-03 12:00:00,M-068,Plant_B,CNC,8.3,77.2,78.05,80.0,3.665,123.14,5183.4,0
2025-04-02 12:00:00,M-068,Plant_B,CNC,8.3,77.2,83.36,78.31,4.176,114.71,18048.2,0
2025-04-09 12:00:00,M-068,Plant_B,CNC,8.3,77.2,58.76,76.97,3.342,112.79,2585.7,0
2025-05-29 12:00:00,M-068,Plant_B,CNC,8.3,77.2,66.42,70.14,3.967,117.96,15103.6,1
2025-06-01 12:00:00,M-068,Plant_B,CNC,8.3,77.2,72.63,82.85,4.006,108.87,12339.0,0
2025-09-30 12:00:00,M-068,Plant_B,CNC,8.3,77.2,77.25,85.85,3.771,116.91,2993.2,1
2025-11-09 00:00:00,M-068,Plant_B,CNC,8.3,77.2,57.98,73.78,3.593,109.91,9431.3,0
2025-11-10 00:00:00,M-068,Plant_B,CNC,8.3,77.2,87.44,73.74,4.162,115.15,14544.8,0
2025-11-15 00:00:00,M-068,Plant_B,CNC,8.3,77.2,77.59,82.14,4.105,116.62,17220.0,1
2025-11-16 00:00:00,M-068,Plant_B,CNC,8.3,77.2,85.02,76.42,4.563,118.63,7136.6,1
2025-12-14 12:00:00,M-068,Plant_B,CNC,8.3,77.2,79.47,79.32,3.937,113.74,15001.1,1
2026-06-10 12:00:00,M-068,Plant_B,CNC,8.3,77.2,86.09,81.25,4.848,110.09,10340.2,1
2026-06-18 12:00:00,M-068,Plant_B,CNC,8.3,77.2,76.2,69.82,4.039,121.39,21326.9,0
2026-07-14 00:00:00,M-068,Plant_B,CNC,8.3,77.2,63.61,77.49,3.785,116.26,17135.9,0
2026-08-13 00:00:00,M-068,Plant_B,CNC,8.3,77.2,82.0,78.93,4.408,110.54,20795.6,0
2026-08-19 00:00:00,M-068,Plant_B,CNC,8.3,77.2,89.67,86.89,4.976,116.81,17655.4,0
2025-01-02 12:00:00,M-069,Plant_A,Compressor,7.1,80.4,79.64,76.58,3.802,108.63,18922.0,1
2025-02-16 12:00:00,M-069,Plant_A,Compressor,7.1,80.4,88.29,75.2,4.226,121.86,19118.2,0
2025-04-22 00:00:00,M-069,Plant_A,Compressor,7.1,80.4,81.91,83.5,3.803,119.35,21073.2,0
2025-05-08 00:00:00,M-069,Plant_A,Compressor,7.1,80.4,64.31,70.44,3.528,110.55,21500.4,1
2025-05-24 00:00:00,M-069,Plant_A,Compressor,7.1,80.4,76.43,77.61,4.659,110.19,2818.0,0
2025-07-06 12:00:00,M-069,Plant_A,Compressor,7.1,80.4,72.56,73.83,3.678,111.62,12318.8,0
2025-07-28 00:00:00,M-069,Plant_A,Compressor,7.1,80.4,75.45,72.56,3.543,116.47,19799.7,0
2025-08-16 00:00:00,M-069,Plant_A,Compressor,7.1,80.4,83.14,80.1,3.57,114.76,6829.2,1
2025-09-12 00:00:00,M-069,Plant_A,Compressor,7.1,80.4,87.0,87.26,5.269,114.39,5826.5,1
2025-09-15 00:00:00,M-069,Plant_A,Compressor,7.1,80.4,86.69,79.66,3.814,114.09,745.7,0
2025-12-03 00:00:00,M-069,Plant_A,Compressor,7.1,80.4,74.3,75.47,2.993,113.69,2082.0,0
2026-02-18 12:00:00,M-069,Plant_A,Compressor,7.1,80.4,83.3,81.94,3.964,112.48,11329.1,0
2026-03-27 12:00:00,M-069,Plant_A,Compressor,7.1,80.4,83.42,81.18,4.32,112.39,14312.4,0
2026-04-05 12:00:00,M-069,Plant_A,Compressor,7.1,80.4,87.09,82.36,4.41,117.94,1185.8,1
2026-04-19 12:00:00,M-069,Plant_A,Compressor,7.1,80.4,85.92,76.82,4.118,115.96,21140.5,0
2026-05-18 12:00:00,M-069,Plant_A,Compressor,7.1,80.4,68.55,76.95,3.741,119.53,8501.2,0
2026-05-19 00:00:00,M-069,Plant_A,Compressor,7.1,80.4,87.19,70.7,4.449,118.3,11733.3,1
2026-06-02 00:00:00,M-069,Plant_A,Compressor,7.1,80.4,78.6,70.33,4.136,113.35,13405.6,1
2026-07-04 00:00:00,M-069,Plant_A,Compressor,7.1,80.4,85.25,79.54,3.804,117.25,11264.2,1
2026-07-10 00:00:00,M-069,Plant_A,Compressor,7.1,80.4,83.39,83.32,3.471,114.07,12725.1,0
2026-08-03 00:00:00,M-069,Plant_A,Compressor,7.1,80.4,83.8,91.35,3.895,113.54,16703.1,0
2025-01-05 12:00:00,M-070,Plant_B,CNC,1.3,59.2,66.33,69.38,3.692,114.3,10963.5,0
2025-01-08 00:00:00,M-070,Plant_B,CNC,1.3,59.2,56.4,75.22,3.649,108.84,9530.6,0
2025-01-28 00:00:00,M-070,Plant_B,CNC,1.3,59.2,60.21,68.86,3.018,109.47,11766.2,0
2025-05-05 00:00:00,M-070,Plant_B,CNC,1.3,59.2,54.69,73.03,3.165,110.2,18125.0,0
2025-06-16 12:00:00,M-070,Plant_B,CNC,1.3,59.2,56.59,78.78,3.432,109.73,6523.0,0
2025-10-07 12:00:00,M-070,Plant_B,CNC,1.3,59.2,64.13,83.54,3.153,116.06,12444.9,1
2025-12-23 12:00:00,M-070,Plant_B,CNC,1.3,59.2,54.59,71.18,2.892,113.53,7416.3,0
2026-01-21 12:00:00,M-070,Plant_B,CNC,1.3,59.2,65.51,71.8,3.449,111.58,17141.0,1
2026-02-13 00:00:00,M-070,Plant_B,CNC,1.3,59.2,52.35,79.99,2.912,112.03,7548.0,0
2026-03-02 00:00:00,M-070,Plant_B,CNC,1.3,59.2,68.5,77.17,3.243,110.59,17360.2,0
2026-03-10 00:00:00,M-070,Plant_B,CNC,1.3,59.2,76.27,78.98,2.381,119.85,11199.8,0
2026-03-21 12:00:00,M-070,Plant_B,CNC,1.3,59.2,61.65,75.3,3.693,111.12,13127.1,1
2026-04-15 00:00:00,M-070,Plant_B,CNC,1.3,59.2,66.1,74.69,3.473,114.19,14226.6,0
2026-05-07 00:00:00,M-070,Plant_B,CNC,1.3,59.2,62.86,72.55,3.094,112.14,12010.0,0
2026-05-31 00:00:00,M-070,Plant_B,CNC,1.3,59.2,60.97,66.9,3.441,110.18,15406.7,0
2026-06-02 12:00:00,M-070,Plant_B,CNC,1.3,59.2,69.84,76.03,3.58,113.65,16504.1,0
2026-06-04 12:00:00,M-070,Plant_B,CNC,1.3,59.2,60.37,69.93,3.218,112.34,21462.9,0
2026-06-07 00:00:00,M-070,Plant_B,CNC,1.3,59.2,59.66,66.55,3.376,110.74,15090.9,0
2025-01-22 12:00:00,M-071,Plant_D,Compressor,12.6,60.6,53.66,77.83,3.831,112.89,10109.9,1
2025-02-03 12:00:00,M-071,Plant_D,Compressor,12.6,60.6,58.91,78.2,3.973,110.66,19691.4,1
2025-02-04 12:00:00,M-071,Plant_D,Compressor,12.6,60.6,66.14,74.15,4.183,113.29,12193.6,0
2025-03-15 00:00:00,M-071,Plant_D,Compressor,12.6,60.6,56.27,75.75,4.156,114.1,14775.1,1
2025-04-11 12:00:00,M-071,Plant_D,Compressor,12.6,60.6,44.0,72.81,4.127,113.83,8356.8,1
2025-04-15 00:00:00,M-071,Plant_D,Compressor,12.6,60.6,66.42,80.11,4.513,113.44,16121.6,0
2025-04-21 12:00:00,M-071,Plant_D,Compressor,12.6,60.6,35.44,74.58,3.574,109.21,3641.2,0
2025-06-03 00:00:00,M-071,Plant_D,Compressor,12.6,60.6,61.12,88.62,4.021,115.48,4288.8,1
2025-07-25 00:00:00,M-071,Plant_D,Compressor,12.6,60.6,61.55,79.25,3.112,117.54,7253.9,0
2025-08-10 12:00:00,M-071,Plant_D,Compressor,12.6,60.6,71.79,74.36,4.77,115.94,7366.4,0
2025-10-19 00:00:00,M-071,Plant_D,Compressor,12.6,60.6,74.17,79.19,4.206,108.72,14488.7,1
2025-11-05 12:00:00,M-071,Plant_D,Compressor,12.6,60.6,75.4,75.96,4.543,116.76,11367.9,1
2025-12-24 00:00:00,M-071,Plant_D,Compressor,12.6,60.6,63.17,77.53,3.877,108.85,12314.4,0
2026-01-05 12:00:00,M-071,Plant_D,Compressor,12.6,60.6,44.89,77.28,4.004,110.3,11989.0,1
2026-02-04 00:00:00,M-071,Plant_D,Compressor,12.6,60.6,66.8,77.98,3.52,110.79,14593.5,1
2026-07-11 12:00:00,M-071,Plant_D,Compressor,12.6,60.6,63.91,81.24,4.062,117.14,20406.0,1
2026-07-21 12:00:00,M-071,Plant_D,Compressor,12.6,60.6,41.39,67.62,3.196,105.26,4562.8,0
2026-07-26 12:00:00,M-071,Plant_D,Compressor,12.6,60.6,57.03,86.58,3.847,111.53,19913.3,1
2026-07-31 00:00:00,M-071,Plant_D,Compressor,12.6,60.6,62.75,82.34,4.369,112.31,3630.3,1
2026-08-22 00:00:00,M-071,Plant_D,Compressor,12.6,60.6,58.32,76.38,4.276,114.61,14332.8,1
2025-01-04 00:00:00,M-072,Plant_A,Press,13.5,71.8,66.58,76.49,4.103,104.75,2684.7,1
2025-01-29 12:00:00,M-072,Plant_A,Press,13.5,71.8,70.12,81.01,5.089,112.18,20888.9,1
2025-02-03 00:00:00,M-072,Plant_A,Press,13.5,71.8,84.72,79.34,4.418,113.76,21195.6,1
2025-02-27 12:00:00,M-072,Plant_A,Press,13.5,71.8,87.7,73.25,4.847,116.39,14127.7,0
2025-03-17 00:00:00,M-072,Plant_A,Press,13.5,71.8,67.46,80.75,4.685,105.66,21405.6,1
2025-05-29 12:00:00,M-072,Plant_A,Press,13.5,71.8,86.07,79.86,4.617,120.57,20109.0,1
2025-06-04 00:00:00,M-072,Plant_A,Press,13.5,71.8,58.58,78.56,4.854,111.31,16726.6,1
2025-09-29 12:00:00,M-072,Plant_A,Press,13.5,71.8,72.94,82.17,4.269,114.54,11713.2,1
2025-10-05 00:00:00,M-072,Plant_A,Press,13.5,71.8,71.97,73.6,4.777,115.05,13745.2,0
2026-04-02 12:00:00,M-072,Plant_A,Press,13.5,71.8,71.17,75.21,5.06,109.12,2272.8,1
2026-04-24 00:00:00,M-072,Plant_A,Press,13.5,71.8,82.0,78.68,4.985,109.96,12906.5,0
2026-05-02 12:00:00,M-072,Plant_A,Press,13.5,71.8,99.93,89.34,4.686,122.05,21667.0,1
2025-01-03 12:00:00,M-073,Plant_B,Compressor,3.0,93.6,100.0,86.66,3.843,107.31,16520.5,0
2025-03-25 12:00:00,M-073,Plant_B,Compressor,3.0,93.6,99.4,80.76,3.559,112.27,6924.3,1
2025-04-01 12:00:00,M-073,Plant_B,Compressor,3.0,93.6,89.39,77.03,4.197,112.31,5540.0,1
2025-04-27 00:00:00,M-073,Plant_B,Compressor,3.0,93.6,100.0,77.22,3.946,116.32,5286.4,1
2025-09-05 00:00:00,M-073,Plant_B,Compressor,3.0,93.6,86.94,90.79,3.638,119.11,6927.6,1
2025-09-07 00:00:00,M-073,Plant_B,Compressor,3.0,93.6,79.84,68.93,3.821,114.52,7858.3,1
2025-09-13 00:00:00,M-073,Plant_B,Compressor,3.0,93.6,100.0,79.95,3.394,117.25,7255.2,0
2025-10-26 00:00:00,M-073,Plant_B,Compressor,3.0,93.6,82.85,72.52,3.66,116.84,15781.5,1
2026-04-16 12:00:00,M-073,Plant_B,Compressor,3.0,93.6,85.33,69.23,3.267,109.81,18246.0,1
2026-05-12 00:00:00,M-073,Plant_B,Compressor,3.0,93.6,84.84,87.71,4.056,113.31,13236.5,0
2026-05-28 00:00:00,M-073,Plant_B,Compressor,3.0,93.6,90.05,81.61,3.896,118.48,15464.2,0
2026-06-09 00:00:00,M-073,Plant_B,Compressor,3.0,93.6,83.29,74.56,3.954,116.15,13492.5,1
2026-06-26 00:00:00,M-073,Plant_B,Compressor,3.0,93.6,100.0,78.08,4.087,116.81,787.5,1
2026-07-16 00:00:00,M-073,Plant_B,Compressor,3.0,93.6,100.0,91.58,4.097,116.83,15733.7,1
2025-02-20 00:00:00,M-074,Plant_A,Press,8.8,78.8,82.45,77.99,4.577,117.12,18904.7,1
2025-03-05 12:00:00,M-074,Plant_A,Press,8.8,78.8,80.81,79.41,4.701,117.91,11202.9,1
2025-03-11 00:00:00,M-074,Plant_A,Press,8.8,78.8,74.18,78.76,3.892,115.94,20777.6,0
2025-03-16 12:00:00,M-074,Plant_A,Press,8.8,78.8,70.75,76.99,3.963,109.28,4054.1,0
2025-03-20 12:00:00,M-074,Plant_A,Press,8.8,78.8,83.57,78.79,4.419,112.87,20626.1,0
2025-04-21 00:00:00,M-074,Plant_A,Press,8.8,78.8,93.05,87.52,4.676,118.08,17930.2,0
2025-05-24 12:00:00,M-074,Plant_A,Press,8.8,78.8,86.05,78.07,3.908,117.36,4246.4,1
2025-06-06 00:00:00,M-074,Plant_A,Press,8.8,78.8,71.35,91.62,3.976,116.1,17642.4,1
2025-07-03 00:00:00,M-074,Plant_A,Press,8.8,78.8,98.25,87.54,4.981,112.74,19518.1,1
2025-10-12 12:00:00,M-074,Plant_A,Press,8.8,78.8,72.13,82.41,3.981,111.3,2354.0,1
2025-11-18 12:00:00,M-074,Plant_A,Press,8.8,78.8,73.95,70.32,4.154,116.82,686.7,1
2025-11-23 12:00:00,M-074,Plant_A,Press,8.8,78.8,72.59,66.48,3.763,114.21,17901.1,1
2026-01-21 00:00:00,M-074,Plant_A,Press,8.8,78.8,72.79,80.98,4.318,110.74,8342.9,1
2026-03-20 12:00:00,M-074,Plant_A,Press,8.8,78.8,71.88,68.17,4.343,115.61,10145.5,0
2026-03-25 12:00:00,M-074,Plant_A,Press,8.8,78.8,94.56,86.15,3.946,120.92,8252.6,1
2026-03-25 12:00:00,M-074,Plant_A,Press,8.8,78.8,64.03,81.55,4.377,111.54,7739.1,0
2026-03-28 00:00:00,M-074,Plant_A,Press,8.8,78.8,71.82,75.28,3.703,112.93,19474.3,0
2026-04-30 12:00:00,M-074,Plant_A,Press,8.8,78.8,86.54,85.52,4.338,118.03,4900.5,1
2026-05-15 00:00:00,M-074,Plant_A,Press,8.8,78.8,87.24,88.19,3.85,116.94,3474.0,0
2026-05-15 00:00:00,M-074,Plant_A,Press,8.8,78.8,73.93,69.18,4.339,107.37,5626.4,1
2026-05-26 12:00:00,M-074,Plant_A,Press,8.8,78.8,94.39,84.7,4.343,115.45,21227.9,0
2026-05-27 12:00:00,M-074,Plant_A,Press,8.8,78.8,89.29,81.49,4.509,127.24,20572.6,0
2026-08-04 00:00:00,M-074,Plant_A,Press,8.8,78.8,98.93,88.28,4.828,116.12,5236.1,0
2026-08-21 00:00:00,M-074,Plant_A,Press,8.8,78.8,85.21,84.66,4.178,113.63,2596.0,1
2025-01-22 12:00:00,M-075,Plant_C,Press,2.5,92.3,96.89,76.54,4.227,119.66,3788.7,0
2025-02-04 12:00:00,M-075,Plant_C,Press,2.5,92.3,89.3,81.05,3.784,111.63,16678.1,1
2025-03-23 00:00:00,M-075,Plant_C,Press,2.5,92.3,86.82,78.17,3.536,109.52,7184.2,1
2025-03-25 00:00:00,M-075,Plant_C,Press,2.5,92.3,94.98,71.28,4.183,121.54,19850.2,0
2025-05-16 00:00:00,M-075,Plant_C,Press,2.5,92.3,90.96,72.1,3.634,117.03,13485.5,0
2025-07-02 00:00:00,M-075,Plant_C,Press,2.5,92.3,93.92,77.07,3.939,115.67,17198.3,0
2025-07-19 12:00:00,M-075,Plant_C,Press,2.5,92.3,86.94,84.36,3.929,115.57,10147.9,1
2025-07-20 12:00:00,M-075,Plant_C,Press,2.5,92.3,75.66,75.55,3.861,113.42,18428.1,1
2025-08-12 00:00:00,M-075,Plant_C,Press,2.5,92.3,80.02,76.51,3.471,111.88,21444.8,0
2025-09-10 00:00:00,M-075,Plant_C,Press,2.5,92.3,100.0,84.75,4.079,115.46,4832.7,0
2025-09-12 00:00:00,M-075,Plant_C,Press,2.5,92.3,99.27,75.84,4.655,114.49,13368.0,1
2025-09-28 00:00:00,M-075,Plant_C,Press,2.5,92.3,94.82,87.23,3.491,118.52,14737.1,0
2025-10-11 12:00:00,M-075,Plant_C,Press,2.5,92.3,91.85,74.87,3.506,114.02,19464.1,0
2025-10-24 00:00:00,M-075,Plant_C,Press,2.5,92.3,82.6,77.49,4.271,113.37,1645.8,0
2025-10-29 00:00:00,M-075,Plant_C,Press,2.5,92.3,89.59,80.71,4.276,118.69,20010.2,0
2025-11-14 00:00:00,M-075,Plant_C,Press,2.5,92.3,96.68,81.07,3.951,111.07,20053.6,0
2025-12-26 00:00:00,M-075,Plant_C,Press,2.5,92.3,100.0,74.3,3.658,107.53,18639.2,1
2026-01-10 00:00:00,M-075,Plant_C,Press,2.5,92.3,83.64,83.67,4.182,115.57,7234.6,0
2026-01-26 00:00:00,M-075,Plant_C,Press,2.5,92.3,93.31,86.22,3.802,114.8,17133.5,0
2026-02-11 00:00:00,M-075,Plant_C,Press,2.5,92.3,97.1,78.08,3.484,117.83,8426.1,0
2026-02-20 12:00:00,M-075,Plant_C,Press,2.5,92.3,87.06,81.71,3.482,114.64,3206.1,1
2026-03-30 00:00:00,M-075,Plant_C,Press,2.5,92.3,87.06,67.92,3.684,109.35,10096.5,1
2026-04-16 00:00:00,M-075,Plant_C,Press,2.5,92.3,97.0,83.22,3.791,114.03,6057.6,0
2026-04-28 12:00:00,M-075,Plant_C,Press,2.5,92.3,87.72,75.83,3.483,117.02,21833.8,0
2026-05-01 12:00:00,M-075,Plant_C,Press,2.5,92.3,70.11,79.44,3.621,112.04,21200.4,1
2026-06-19 12:00:00,M-075,Plant_C,Press,2.5,92.3,78.72,80.98,3.93,113.78,20909.2,0
2026-06-27 00:00:00,M-075,Plant_C,Press,2.5,92.3,86.09,78.77,3.969,114.65,3388.1,0
2026-07-06 00:00:00,M-075,Plant_C,Press,2.5,92.3,100.0,70.93,3.512,122.41,10109.3,1
2026-07-16 12:00:00,M-075,Plant_C,Press,2.5,92.3,84.14,80.07,3.755,111.37,11150.5,1
2026-07-18 00:00:00,M-075,Plant_C,Press,2.5,92.3,91.08,82.02,3.926,115.14,8833.1,0
2025-02-13 12:00:00,M-076,Plant_B,Lathe,10.4,87.2,86.81,79.6,4.446,111.62,4072.7,0
2025-03-12 00:00:00,M-076,Plant_B,Lathe,10.4,87.2,82.28,82.43,4.438,113.64,21107.7,1
2025-03-14 00:00:00,M-076,Plant_B,Lathe,10.4,87.2,67.46,67.67,3.601,109.31,14195.0,0
2025-04-27 12:00:00,M-076,Plant_B,Lathe,10.4,87.2,81.43,83.47,2.762,116.66,999.3,1
2025-05-09 12:00:00,M-076,Plant_B,Lathe,10.4,87.2,85.5,90.23,4.379,111.54,15565.3,1
2025-05-25 00:00:00,M-076,Plant_B,Lathe,10.4,87.2,100.0,100.0,4.683,118.92,15277.7,1
2025-06-29 12:00:00,M-076,Plant_B,Lathe,10.4,87.2,95.83,78.64,3.936,122.55,14636.0,1
2025-07-03 00:00:00,M-076,Plant_B,Lathe,10.4,87.2,73.26,80.31,4.405,106.26,13380.2,0
2025-07-12 12:00:00,M-076,Plant_B,Lathe,10.4,87.2,81.6,72.89,4.187,113.0,14185.4,1
2025-08-08 12:00:00,M-076,Plant_B,Lathe,10.4,87.2,92.32,90.73,4.766,116.93,11486.6,0
2025-09-16 00:00:00,M-076,Plant_B,Lathe,10.4,87.2,79.44,76.89,4.196,108.7,16615.7,1
2025-09-21 00:00:00,M-076,Plant_B,Lathe,10.4,87.2,100.0,76.96,4.519,119.37,2894.7,0
2025-09-21 12:00:00,M-076,Plant_B,Lathe,10.4,87.2,78.11,84.94,3.972,116.69,16487.2,1
2025-12-25 12:00:00,M-076,Plant_B,Lathe,10.4,87.2,86.64,76.43,4.462,120.45,20050.8,0
2026-05-29 00:00:00,M-076,Plant_B,Lathe,10.4,87.2,68.78,80.96,4.073,118.12,18449.1,1
2026-06-24 00:00:00,M-076,Plant_B,Lathe,10.4,87.2,89.76,88.32,4.598,115.19,21909.0,0
2026-08-12 00:00:00,M-076,Plant_B,Lathe,10.4,87.2,92.16,85.57,4.129,113.98,17420.1,0
2026-08-22 00:00:00,M-076,Plant_B,Lathe,10.4,87.2,83.99,82.18,4.548,114.39,15030.5,0
2025-01-15 00:00:00,M-077,Plant_B,CNC,4.9,73.7,67.14,75.33,3.64,115.84,3792.9,1
2025-01-20 12:00:00,M-077,Plant_B,CNC,4.9,73.7,56.56,69.44,3.127,116.54,5015.1,0
2025-03-03 12:00:00,M-077,Plant_B,CNC,4.9,73.7,77.61,76.69,2.993,115.28,11400.5,1
2025-03-30 12:00:00,M-077,Plant_B,CNC,4.9,73.7,75.9,74.12,4.008,112.98,17670.1,0
2025-04-23 12:00:00,M-077,Plant_B,CNC,4.9,73.7,89.86,85.44,4.037,115.22,17668.2,1
2025-04-29 00:00:00,M-077,Plant_B,CNC,4.9,73.7,84.14,74.14,3.77,114.34,14598.1,0
2025-06-18 12:00:00,M-077,Plant_B,CNC,4.9,73.7,75.36,72.76,3.69,113.35,10382.6,1
2025-07-15 12:00:00,M-077,Plant_B,CNC,4.9,73.7,84.09,74.11,4.064,116.61,2553.3,1
2025-09-05 00:00:00,M-077,Plant_B,CNC,4.9,73.7,99.74,80.92,3.491,118.6,6193.4,1
2025-09-09 00:00:00,M-077,Plant_B,CNC,4.9,73.7,70.64,76.36,3.672,117.73,16223.8,0
2025-11-27 12:00:00,M-077,Plant_B,CNC,4.9,73.7,81.42,74.46,4.275,116.4,10775.5,0
2025-12-06 12:00:00,M-077,Plant_B,CNC,4.9,73.7,63.41,81.03,3.264,111.2,12856.9,0
2026-03-09 00:00:00,M-077,Plant_B,CNC,4.9,73.7,80.76,73.08,3.905,110.94,3538.8,0
2026-03-14 00:00:00,M-077,Plant_B,CNC,4.9,73.7,64.05,80.88,2.984,112.0,3206.1,0
2026-04-17 12:00:00,M-077,Plant_B,CNC,4.9,73.7,82.69,72.66,3.372,120.59,11442.7,0
2026-06-20 12:00:00,M-077,Plant_B,CNC,4.9,73.7,74.27,84.1,4.016,112.66,19467.6,0
2026-06-25 00:00:00,M-077,Plant_B,CNC,4.9,73.7,57.44,74.15,3.186,118.1,913.2,0
2026-07-10 00:00:00,M-077,Plant_B,CNC,4.9,73.7,76.17,77.48,4.209,112.13,5944.1,1
2026-07-12 00:00:00,M-077,Plant_B,CNC,4.9,73.7,72.7,81.93,3.353,108.26,2501.2,1
2026-07-31 12:00:00,M-077,Plant_B,CNC,4.9,73.7,74.24,80.13,3.563,112.21,17188.2,1
2026-08-23 00:00:00,M-077,Plant_B,CNC,4.9,73.7,64.53,79.55,3.219,114.96,595.7,0
2025-01-03 12:00:00,M-078,Plant_A,Lathe,10.2,86.4,85.32,88.2,4.465,114.87,11725.3,0
2025-01-07 12:00:00,M-078,Plant_A,Lathe,10.2,86.4,93.24,78.32,4.301,116.9,16594.5,0
2025-01-22 00:00:00,M-078,Plant_A,Lathe,10.2,86.4,100.0,85.22,4.81,113.86,16133.2,1
2025-01-25 12:00:00,M-078,Plant_A,Lathe,10.2,86.4,90.29,78.4,4.136,116.54,20160.2,1
2025-02-15 00:00:00,M-078,Plant_A,Lathe,10.2,86.4,80.48,76.8,4.785,116.81,20054.7,0
2025-04-01 12:00:00,M-078,Plant_A,Lathe,10.2,86.4,83.61,83.43,3.705,114.47,2763.6,0
2025-05-30 12:00:00,M-078,Plant_A,Lathe,10.2,86.4,82.05,79.18,4.033,118.46,20874.3,0
2025-06-13 00:00:00,M-078,Plant_A,Lathe,10.2,86.4,91.57,86.49,3.971,117.8,16597.7,0
2025-08-02 00:00:00,M-078,Plant_A,Lathe,10.2,86.4,82.13,75.07,4.104,112.94,8962.3,0
2025-08-02 00:00:00,M-078,Plant_A,Lathe,10.2,86.4,91.49,80.84,4.236,116.61,7240.5,1
2025-08-17 12:00:00,M-078,Plant_A,Lathe,10.2,86.4,92.19,83.32,4.51,116.75,4340.5,1
2025-09-03 00:00:00,M-078,Plant_A,Lathe,10.2,86.4,89.72,75.97,3.781,124.91,21070.1,1
2025-11-11 00:00:00,M-078,Plant_A,Lathe,10.2,86.4,81.91,73.74,3.974,116.67,5326.1,1
2026-01-25 00:00:00,M-078,Plant_A,Lathe,10.2,86.4,71.07,76.58,4.621,111.98,18271.5,1
2026-02-26 00:00:00,M-078,Plant_A,Lathe,10.2,86.4,72.9,75.17,4.578,116.02,6139.8,0
2026-06-02 12:00:00,M-078,Plant_A,Lathe,10.2,86.4,79.37,80.76,4.595,116.47,13467.3,0
2026-06-11 12:00:00,M-078,Plant_A,Lathe,10.2,86.4,97.22,82.0,4.968,113.04,14465.7,0
2026-07-03 12:00:00,M-078,Plant_A,Lathe,10.2,86.4,84.25,77.51,4.386,106.15,21140.4,1
2026-08-08 00:00:00,M-078,Plant_A,Lathe,10.2,86.4,86.96,74.62,4.164,116.09,9773.0,0
2025-02-17 00:00:00,M-079,Plant_C,Lathe,11.2,55.7,53.8,74.08,3.994,114.41,1982.5,1
2025-03-08 00:00:00,M-079,Plant_C,Lathe,11.2,55.7,56.53,78.09,4.101,114.22,13574.4,1
2025-03-15 12:00:00,M-079,Plant_C,Lathe,11.2,55.7,66.26,70.35,3.574,109.56,20222.3,1
2025-03-22 00:00:00,M-079,Plant_C,Lathe,11.2,55.7,47.84,76.08,3.38,109.46,8281.4,0
2025-03-28 00:00:00,M-079,Plant_C,Lathe,11.2,55.7,47.04,81.54,3.712,108.81,15667.2,1
2025-04-11 12:00:00,M-079,Plant_C,Lathe,11.2,55.7,56.03,73.9,4.221,108.97,15121.0,1
2025-06-07 12:00:00,M-079,Plant_C,Lathe,11.2,55.7,47.46,75.9,3.428,112.74,670.9,0
2025-06-24 00:00:00,M-079,Plant_C,Lathe,11.2,55.7,62.74,72.4,4.063,116.12,7355.6,0
2025-07-25 00:00:00,M-079,Plant_C,Lathe,11.2,55.7,63.09,73.73,3.583,107.4,18923.2,1
2025-08-11 12:00:00,M-079,Plant_C,Lathe,11.2,55.7,51.9,73.93,3.242,113.07,11342.6,1
2025-08-22 12:00:00,M-079,Plant_C,Lathe,11.2,55.7,47.13,81.01,3.703,113.15,13198.6,1
2025-09-13 00:00:00,M-079,Plant_C,Lathe,11.2,55.7,68.57,77.61,4.444,112.49,2209.9,1
2025-12-14 00:00:00,M-079,Plant_C,Lathe,11.2,55.7,35.62,76.7,3.786,108.34,18520.8,1
2026-01-16 12:00:00,M-079,Plant_C,Lathe,11.2,55.7,47.25,70.49,3.676,110.46,6495.9,0
2026-02-01 00:00:00,M-079,Plant_C,Lathe,11.2,55.7,55.27,74.26,3.848,111.68,5890.1,1
2026-02-02 00:00:00,M-079,Plant_C,Lathe,11.2,55.7,61.84,72.01,3.386,110.72,3635.1,0
2026-02-21 12:00:00,M-079,Plant_C,Lathe,11.2,55.7,48.56,70.96,4.116,108.26,7888.9,0
2026-03-17 12:00:00,M-079,Plant_C,Lathe,11.2,55.7,42.49,72.09,4.014,106.19,18863.7,0
2026-04-23 00:00:00,M-079,Plant_C,Lathe,11.2,55.7,51.15,77.94,4.14,112.57,12313.3,1
2026-05-29 00:00:00,M-079,Plant_C,Lathe,11.2,55.7,35.0,68.48,3.281,106.75,4281.7,0
2026-06-10 12:00:00,M-079,Plant_C,Lathe,11.2,55.7,39.62,79.44,3.261,105.06,3641.9,0
2026-07-02 12:00:00,M-079,Plant_C,Lathe,11.2,55.7,53.81,74.25,3.779,111.14,8750.6,0
2026-07-26 00:00:00,M-079,Plant_C,Lathe,11.2,55.7,45.33,77.04,3.642,112.26,3723.8,1
2025-03-31 12:00:00,M-080,Plant_C,Compressor,11.8,59.4,61.64,78.82,4.404,112.99,1183.3,0
2025-04-01 00:00:00,M-080,Plant_C,Compressor,11.8,59.4,56.08,74.62,3.713,108.97,9028.5,0
2025-06-11 12:00:00,M-080,Plant_C,Compressor,11.8,59.4,50.77,81.8,3.862,109.93,20544.0,0
2025-06-14 12:00:00,M-080,Plant_C,Compressor,11.8,59.4,67.59,71.68,5.01,116.41,17541.4,1
2025-06-21 00:00:00,M-080,Plant_C,Compressor,11.8,59.4,61.4,78.51,3.792,108.57,17683.5,1
2025-06-25 00:00:00,M-080,Plant_C,Compressor,11.8,59.4,46.0,71.37,4.493,106.43,11778.4,0
2025-07-04 00:00:00,M-080,Plant_C,Compressor,11.8,59.4,56.59,72.97,4.456,114.06,6618.0,1
2025-07-05 00:00:00,M-080,Plant_C,Compressor,11.8,59.4,59.56,65.77,4.199,113.8,5149.1,1
2025-08-22 00:00:00,M-080,Plant_C,Compressor,11.8,59.4,43.87,77.8,3.947,110.78,3539.0,1
2025-08-31 00:00:00,M-080,Plant_C,Compressor,11.8,59.4,61.57,77.6,3.919,116.76,4957.9,0
2025-10-28 00:00:00,M-080,Plant_C,Compressor,11.8,59.4,90.0,79.24,4.739,112.76,21477.1,1
2025-10-29 12:00:00,M-080,Plant_C,Compressor,11.8,59.4,66.31,71.71,4.2,113.64,16772.4,1
2025-11-01 12:00:00,M-080,Plant_C,Compressor,11.8,59.4,55.52,70.9,3.519,112.25,20127.9,0
2026-01-13 12:00:00,M-080,Plant_C,Compressor,11.8,59.4,56.45,72.85,3.547,104.66,2716.4,1
2026-01-22 12:00:00,M-080,Plant_C,Compressor,11.8,59.4,50.17,82.32,3.518,109.41,2254.6,0
2026-03-09 00:00:00,M-080,Plant_C,Compressor,11.8,59.4,64.94,75.71,4.007,119.08,16719.4,1
2026-03-23 00:00:00,M-080,Plant_C,Compressor,11.8,59.4,40.47,75.11,4.413,107.16,6090.3,0
2026-04-02 00:00:00,M-080,Plant_C,Compressor,11.8,59.4,50.12,72.71,3.688,113.49,833.1,0
2026-04-15 12:00:00,M-080,Plant_C,Compressor,11.8,59.4,48.66,83.82,4.098,114.47,2271.9,1
2026-07-16 00:00:00,M-080,Plant_C,Compressor,11.8,59.4,83.3,79.66,4.366,113.57,11106.1,0
2026-08-01 12:00:00,M-080,Plant_C,Compressor,11.8,59.4,61.35,80.76,4.216,108.68,7522.6,0
2026-08-03 00:00:00,M-080,Plant_C,Compressor,11.8,59.4,68.12,74.7,4.011,117.03,1277.0,1
2026-08-22 00:00:00,M-080,Plant_C,Compressor,11.8,59.4,73.76,84.28,4.11,113.26,13799.9,1
